Incoming Calls,Answered Calls,Answer Rate,Abandoned Calls,Answer Speed (AVG),Talk Duration (AVG),Waiting Time (AVG),Service Level (20 Seconds),Sales Rep
217,204,94.01%,13,00:00:17,00:02:14,00:02:45,76.28%,Rep09
200,182,91.00%,18,00:00:20,00:02:22,00:06:55,72.73%,Rep02
216,198,91.67%,18,00:00:18,00:02:38,00:03:50,74.30%,Rep06
155,145,93.55%,10,00:00:15,00:02:29,00:03:12,79.61%,Rep06
37,37,100.00%,0,00:00:03,00:02:06,00:00:35,97.30%,Rep06
315,304,96.51%,11,00:00:18,00:01:35,00:02:37,77.17%,Rep02
252,244,96.83%,8,00:00:13,00:01:50,00:02:02,82.00%,Rep10
213,205,96.24%,8,00:00:10,00:02:10,00:03:22,88.10%,Rep07
219,200,91.32%,19,00:00:15,00:02:18,00:06:12,79.45%,Rep01
371,348,93.80%,23,00:00:19,00:01:40,00:03:29,73.63%,Rep09
166,164,98.80%,2,00:00:12,00:02:10,00:02:46,81.33%,Rep10
32,32,100.00%,0,00:00:02,00:02:03,00:00:03,100.00%,Rep02
231,222,96.10%,9,00:00:08,00:01:49,00:02:18,86.46%,Rep02
205,197,96.10%,8,00:00:07,00:01:52,00:02:48,92.61%,Rep01
338,313,92.60%,25,00:00:13,00:01:51,00:03:40,80.06%,Rep06
180,174,96.67%,6,00:00:13,00:02:18,00:03:26,83.80%,Rep09
226,211,93.36%,15,00:00:20,00:02:04,00:04:53,76.23%,Rep07
226,212,93.81%,14,00:00:10,00:02:03,00:02:45,84.44%,Rep09
45,44,97.78%,1,00:00:02,00:02:04,00:00:55,97.78%,Rep04
218,194,88.99%,24,00:00:26,00:02:43,00:06:28,68.98%,Rep03
187,174,93.05%,13,00:00:15,00:02:16,00:04:39,81.52%,Rep04
191,184,96.34%,7,00:00:10,00:02:09,00:03:40,85.64%,Rep09
188,174,92.55%,14,00:00:15,00:02:25,00:03:09,76.88%,Rep05
154,148,96.10%,6,00:00:10,00:02:27,00:03:36,85.06%,Rep04
166,150,90.36%,16,00:00:18,00:02:26,00:04:38,76.83%,Rep05
58,57,98.28%,1,00:00:04,00:02:26,00:00:58,94.83%,Rep02
160,153,95.63%,7,00:00:10,00:02:23,00:02:45,84.91%,Rep02
86,79,91.86%,7,00:00:32,00:02:43,00:04:40,61.63%,Rep07
180,170,94.44%,10,00:00:23,00:02:31,00:05:45,77.53%,Rep05
210,192,91.43%,18,00:00:26,00:02:16,00:05:35,67.46%,Rep05
163,157,96.32%,6,00:00:14,00:02:19,00:02:55,81.37%,Rep06
143,140,97.90%,3,00:00:15,00:02:20,00:04:43,82.52%,Rep06
57,55,96.49%,2,00:00:06,00:02:03,00:01:50,91.23%,Rep01
179,172,96.09%,7,00:00:13,00:02:17,00:03:23,82.49%,Rep06
194,184,94.85%,10,00:00:24,00:02:24,00:03:19,70.10%,Rep09
201,196,97.51%,5,00:00:15,00:02:16,00:04:53,81.59%,Rep02
218,189,86.70%,29,00:00:32,00:02:37,00:08:04,57.41%,Rep06
194,190,97.94%,4,00:00:16,00:02:22,00:02:02,81.77%,Rep02
227,219,96.48%,8,00:00:15,00:02:44,00:03:55,83.63%,Rep07
52,52,100.00%,0,00:00:09,00:02:16,00:00:52,94.23%,Rep01
385,370,96.10%,15,00:00:20,00:02:11,00:03:10,76.19%,Rep10
137,130,94.89%,7,00:00:16,00:02:26,00:09:47,75.91%,Rep06
254,252,99.21%,2,00:00:10,00:02:08,00:01:10,91.34%,Rep08
211,206,97.63%,5,00:00:11,00:02:24,00:04:37,87.14%,Rep01
282,279,98.94%,3,00:00:07,00:02:18,00:01:11,93.21%,Rep05
262,260,99.24%,2,00:00:08,00:02:31,00:01:13,90.80%,Rep10
65,63,96.92%,2,00:00:12,00:02:22,00:02:10,85.94%,Rep05
325,323,99.38%,2,00:00:05,00:02:13,00:01:14,96.90%,Rep04
235,230,97.87%,5,00:00:05,00:02:19,00:00:58,96.14%,Rep06
215,212,98.60%,3,00:00:05,00:02:14,00:00:58,95.81%,Rep10
85,85,100.00%,0,00:00:03,00:02:26,00:00:55,97.65%,Rep03
195,195,100.00%,0,00:00:05,00:02:24,00:02:13,97.44%,Rep10
188,182,96.81%,6,00:00:15,00:02:14,00:01:51,83.61%,Rep03
58,58,100.00%,0,00:00:06,00:02:22,00:00:52,94.83%,Rep07
251,247,98.41%,4,00:00:14,00:02:16,00:01:53,83.53%,Rep10
181,178,98.34%,3,00:00:12,00:02:24,00:01:57,86.19%,Rep04
228,213,93.42%,15,00:00:26,00:02:16,00:03:07,63.56%,Rep07
165,163,98.79%,2,00:00:09,00:02:25,00:02:20,90.24%,Rep03
185,179,96.76%,6,00:00:17,00:02:17,00:02:33,78.57%,Rep09
172,164,95.35%,8,00:00:18,00:02:27,00:04:09,77.06%,Rep06
57,51,89.47%,6,00:00:07,00:01:47,00:03:40,90.57%,Rep03
200,192,96.00%,8,00:00:10,00:02:18,00:02:49,86.43%,Rep07
202,199,98.51%,3,00:00:08,00:02:05,00:01:17,91.00%,Rep06
217,212,97.70%,5,00:00:07,00:01:55,00:01:50,94.42%,Rep04
225,223,99.11%,2,00:00:09,00:02:09,00:01:06,91.93%,Rep06
235,231,98.30%,4,00:00:08,00:02:19,00:01:06,95.71%,Rep05
202,201,99.50%,1,00:00:08,00:02:21,00:01:53,94.55%,Rep10
43,39,90.70%,4,00:00:11,00:02:15,00:01:50,76.19%,Rep03
194,187,96.39%,7,00:00:10,00:02:27,00:02:30,87.43%,Rep08
202,199,98.51%,3,00:00:13,00:02:23,00:01:58,86.07%,Rep01
146,140,95.89%,6,00:00:12,00:02:13,00:04:35,83.45%,Rep09
147,145,98.64%,2,00:00:09,00:02:15,00:00:58,91.16%,Rep08
155,145,93.55%,10,00:00:12,00:02:33,00:04:33,82.24%,Rep01
157,156,99.36%,1,00:00:09,00:02:24,00:00:53,92.95%,Rep05
38,36,94.74%,2,00:00:13,00:02:11,00:00:59,83.78%,Rep02
166,162,97.59%,4,00:00:09,00:02:29,00:02:45,89.09%,Rep09
226,216,95.58%,10,00:00:13,00:02:15,00:01:46,81.45%,Rep08
253,247,97.63%,6,00:00:10,00:01:54,00:01:17,88.49%,Rep10
134,134,100.00%,0,00:00:03,00:02:13,00:00:26,100.00%,Rep10
70,67,95.71%,3,00:00:12,00:02:01,00:01:16,83.82%,Rep09
83,82,98.80%,1,00:00:07,00:02:03,00:01:16,95.18%,Rep04
42,40,95.24%,2,00:00:08,00:01:51,00:01:36,90.24%,Rep01
66,64,96.97%,2,00:00:05,00:02:00,00:01:39,95.45%,Rep06
153,146,95.42%,7,00:00:20,00:02:08,00:04:32,76.00%,Rep05
141,135,95.74%,6,00:00:23,00:02:06,00:02:15,66.91%,Rep04
146,143,97.95%,3,00:00:17,00:01:57,00:02:27,78.32%,Rep06
144,140,97.22%,4,00:00:12,00:01:53,00:02:05,84.03%,Rep04
105,103,98.10%,2,00:00:17,00:01:55,00:02:01,76.19%,Rep07
36,35,97.22%,1,00:00:16,00:01:54,00:01:31,77.14%,Rep08
61,57,93.44%,4,00:00:04,00:02:00,00:03:41,91.67%,Rep06
60,58,96.67%,2,00:00:11,00:02:08,00:01:34,85.00%,Rep08
18,17,94.44%,1,00:00:05,00:02:39,00:00:20,100.00%,Rep06
206,202,98.06%,4,00:00:09,00:01:54,00:01:10,89.27%,Rep10
194,193,99.48%,1,00:00:11,00:01:57,00:01:34,84.97%,Rep09
206,200,97.09%,6,00:00:10,00:02:08,00:02:00,86.27%,Rep10
53,53,100.00%,0,00:00:18,00:02:08,00:02:10,77.36%,Rep02
147,145,98.64%,2,00:00:09,00:01:50,00:01:24,88.36%,Rep03
201,197,98.01%,4,00:00:09,00:01:59,00:02:23,90.95%,Rep06
202,198,98.02%,4,00:00:10,00:02:09,00:01:11,88.50%,Rep06
226,219,96.90%,7,00:00:10,00:02:12,00:02:45,88.00%,Rep08
167,163,97.60%,4,00:00:07,00:02:09,00:01:50,92.77%,Rep03
164,164,100.00%,0,00:00:11,00:02:17,00:01:45,89.02%,Rep06
42,41,97.62%,1,00:00:11,00:02:09,00:01:18,87.80%,Rep05
79,78,98.73%,1,00:00:07,00:02:23,00:00:48,94.87%,Rep03
165,162,98.18%,3,00:00:09,00:02:09,00:01:50,89.70%,Rep08
180,174,96.67%,6,00:00:16,00:02:16,00:01:43,77.78%,Rep06
179,176,98.32%,3,00:00:10,00:02:26,00:01:50,87.64%,Rep10
217,215,99.08%,2,00:00:08,00:02:08,00:02:07,91.71%,Rep05
171,167,97.66%,4,00:00:10,00:02:15,00:01:50,86.47%,Rep05
37,37,100.00%,0,00:00:09,00:01:57,00:01:22,86.49%,Rep03
215,206,95.81%,9,00:00:18,00:02:09,00:02:45,80.95%,Rep01
218,212,97.25%,6,00:00:16,00:02:17,00:02:09,84.26%,Rep05
205,202,98.54%,3,00:00:11,00:02:25,00:01:37,90.69%,Rep01
195,190,97.44%,5,00:00:12,00:02:22,00:01:14,89.01%,Rep06
181,176,97.24%,5,00:00:13,00:02:13,00:01:16,82.22%,Rep09
212,206,97.17%,6,00:00:11,00:02:20,00:01:49,89.42%,Rep07
33,32,96.97%,1,00:00:08,00:02:28,00:00:55,90.91%,Rep09
298,287,96.31%,11,00:00:13,00:01:35,00:02:51,83.33%,Rep07
158,156,98.73%,2,00:00:11,00:02:23,00:01:32,89.81%,Rep10
156,154,98.72%,2,00:00:12,00:02:13,00:01:01,85.81%,Rep04
163,163,100.00%,0,00:00:10,00:02:02,00:02:46,92.64%,Rep08
98,98,100.00%,0,00:00:07,00:02:10,00:01:10,93.88%,Rep10
255,249,97.65%,6,00:00:15,00:02:19,00:05:31,82.68%,Rep02
50,49,98.00%,1,00:00:08,00:02:02,00:00:57,92.00%,Rep02
290,289,99.66%,1,00:00:12,00:02:01,00:01:10,89.27%,Rep05
296,281,94.93%,15,00:00:22,00:02:08,00:04:30,73.54%,Rep03
260,257,98.85%,3,00:00:17,00:02:13,00:01:20,87.16%,Rep05
201,193,96.02%,8,00:00:19,00:02:23,00:02:02,76.77%,Rep10
132,131,99.24%,1,00:00:17,00:02:13,00:01:30,76.52%,Rep05
167,165,98.80%,2,00:00:09,00:02:06,00:00:57,92.12%,Rep03
85,79,92.94%,6,00:00:18,00:02:25,00:01:53,77.38%,Rep07
244,236,96.72%,8,00:00:21,00:02:29,00:01:56,75.62%,Rep02
186,182,97.85%,4,00:00:14,00:02:13,00:01:38,79.03%,Rep09
278,264,94.96%,14,00:00:19,00:02:20,00:02:10,76.84%,Rep09
272,268,98.53%,4,00:00:15,00:02:30,00:01:45,80.00%,Rep03
218,206,94.50%,12,00:00:25,00:02:21,00:03:41,67.28%,Rep09
152,148,97.37%,4,00:00:14,00:02:18,00:01:25,83.33%,Rep08
48,43,89.58%,5,00:00:22,00:02:01,00:01:21,69.57%,Rep06
186,181,97.31%,5,00:00:14,00:02:20,00:01:49,84.95%,Rep02
182,180,98.90%,2,00:00:08,00:02:10,00:00:58,93.37%,Rep04
192,188,97.92%,4,00:00:20,00:01:58,00:01:56,76.19%,Rep02
155,148,95.48%,7,00:00:14,00:02:24,00:02:18,85.33%,Rep10
144,142,98.61%,2,00:00:11,00:02:19,00:01:05,90.21%,Rep02
164,162,98.78%,2,00:00:12,00:02:35,00:01:50,85.37%,Rep10
27,26,96.30%,1,00:00:11,00:02:04,00:01:17,81.48%,Rep03
177,175,98.87%,2,00:00:11,00:02:19,00:01:35,90.86%,Rep07
134,131,97.76%,3,00:00:14,00:02:23,00:01:39,81.34%,Rep05
125,120,96.00%,5,00:00:14,00:02:20,00:02:52,84.55%,Rep08
167,163,97.60%,4,00:00:16,00:02:24,00:01:12,81.21%,Rep03
169,167,98.82%,2,00:00:09,00:02:14,00:01:44,89.94%,Rep02
162,160,98.77%,2,00:00:16,00:02:15,00:01:31,83.13%,Rep10
25,25,100.00%,0,00:00:16,00:02:35,00:00:58,76.00%,Rep10
157,146,92.99%,11,00:00:17,00:02:17,00:01:51,79.74%,Rep09
166,154,92.77%,12,00:00:25,00:02:18,00:03:39,66.26%,Rep06
58,55,94.83%,3,00:00:16,00:02:11,00:02:45,74.14%,Rep05
75,74,98.67%,1,00:00:15,00:02:13,00:03:18,84.00%,Rep01
28,28,100.00%,0,00:00:07,00:02:28,00:00:51,96.43%,Rep06
108,107,99.07%,1,00:00:09,00:02:11,00:00:59,94.44%,Rep07
21,21,100.00%,0,00:00:07,00:02:58,00:00:58,95.24%,Rep01
189,182,96.30%,7,00:00:21,00:02:10,00:04:46,76.34%,Rep08
161,155,96.27%,6,00:00:19,00:02:27,00:01:50,71.88%,Rep08
155,151,97.42%,4,00:00:17,00:02:20,00:01:49,80.52%,Rep08
161,150,93.17%,11,00:00:17,00:02:22,00:02:45,75.32%,Rep10
132,129,97.73%,3,00:00:27,00:02:22,00:02:34,65.15%,Rep05
122,119,97.54%,3,00:00:16,00:02:24,00:01:50,80.00%,Rep05
17,17,100.00%,0,00:00:21,00:02:40,00:00:58,76.47%,Rep07
45,45,100.00%,0,00:00:06,00:02:06,00:00:57,95.56%,Rep03
177,172,97.18%,5,00:00:20,00:02:23,00:02:51,76.00%,Rep04
133,132,99.25%,1,00:00:10,00:02:25,00:00:59,93.23%,Rep09
177,167,94.35%,10,00:00:15,00:02:22,00:04:35,83.24%,Rep01
127,124,97.64%,3,00:00:16,00:02:22,00:01:45,81.89%,Rep08
148,147,99.32%,1,00:00:16,00:02:11,00:03:11,83.11%,Rep08
23,23,100.00%,0,00:00:32,00:02:02,00:02:43,65.22%,Rep10
141,134,95.04%,7,00:00:24,00:02:38,00:02:29,72.14%,Rep06
124,120,96.77%,4,00:00:20,00:02:33,00:02:58,82.26%,Rep08
165,156,94.55%,9,00:00:25,00:02:21,00:02:38,70.55%,Rep10
168,166,98.81%,2,00:00:21,00:02:33,00:03:43,80.12%,Rep03
198,188,94.95%,10,00:00:22,00:02:32,00:02:45,70.92%,Rep05
139,133,95.68%,6,00:00:17,00:02:40,00:03:03,80.15%,Rep07
46,45,97.83%,1,00:00:10,00:02:14,00:01:16,88.89%,Rep02
184,174,94.57%,10,00:00:23,00:02:37,00:04:35,76.54%,Rep10
207,190,91.79%,17,00:00:21,00:02:23,00:04:06,71.36%,Rep04
191,180,94.24%,11,00:00:21,00:02:32,00:01:53,76.50%,Rep09
213,204,95.77%,9,00:00:24,00:02:26,00:02:46,69.67%,Rep07
483,451,93.37%,32,00:00:16,00:00:57,00:08:45,79.20%,Rep06
547,526,96.16%,21,00:00:19,00:01:21,00:03:54,81.58%,Rep01
54,53,98.15%,1,00:00:25,00:02:36,00:01:18,70.37%,Rep02
275,261,94.91%,14,00:00:22,00:02:13,00:02:12,74.44%,Rep06
205,195,95.12%,10,00:00:24,00:02:34,00:03:00,70.79%,Rep09
80,77,96.25%,3,00:00:10,00:02:11,00:01:33,89.61%,Rep01
200,195,97.50%,5,00:00:21,00:02:30,00:02:48,75.25%,Rep05
154,150,97.40%,4,00:00:21,00:02:29,00:02:45,74.34%,Rep05
163,155,95.09%,8,00:00:23,00:02:18,00:02:26,74.52%,Rep01
12,12,100.00%,0,00:00:25,00:03:37,00:01:28,66.67%,Rep10
218,212,97.25%,6,00:00:20,00:01:56,00:04:11,75.93%,Rep05
172,163,94.77%,9,00:00:18,00:02:09,00:01:53,81.93%,Rep01
205,194,94.63%,11,00:00:18,00:02:24,00:01:41,80.60%,Rep03
178,168,94.38%,10,00:00:23,00:02:28,00:02:50,68.97%,Rep10
214,201,93.93%,13,00:00:23,00:02:11,00:02:24,66.03%,Rep10
169,161,95.27%,8,00:00:23,00:02:17,00:04:35,71.69%,Rep02
46,46,100.00%,0,00:00:25,00:02:24,00:01:35,71.74%,Rep05
183,177,96.72%,6,00:00:18,00:02:30,00:01:07,81.11%,Rep01
208,190,91.35%,18,00:00:21,00:02:25,00:01:50,74.11%,Rep03
234,224,95.73%,10,00:00:22,00:02:15,00:03:20,74.14%,Rep05
204,194,95.10%,10,00:00:18,00:02:17,00:01:50,78.71%,Rep05
204,189,92.65%,15,00:00:21,00:02:15,00:03:56,70.79%,Rep07
99,99,100.00%,0,00:00:16,00:02:25,00:01:02,82.83%,Rep05
29,27,93.10%,2,00:00:19,00:02:47,00:02:22,78.57%,Rep04
167,159,95.21%,8,00:00:23,00:02:28,00:04:35,70.48%,Rep02
164,161,98.17%,3,00:00:17,00:02:35,00:01:37,81.71%,Rep10
158,147,93.04%,11,00:00:21,00:02:34,00:02:03,72.44%,Rep04
165,161,97.58%,4,00:00:17,00:02:26,00:01:06,77.91%,Rep06
129,124,96.12%,5,00:00:23,00:02:28,00:01:50,70.87%,Rep10
155,149,96.13%,6,00:00:23,00:02:26,00:04:19,74.51%,Rep10
24,22,91.67%,2,00:00:28,00:02:24,00:01:21,54.17%,Rep07
209,200,95.69%,9,00:00:23,00:02:24,00:02:11,66.67%,Rep04
239,226,94.56%,13,00:00:26,00:02:19,00:02:50,67.23%,Rep05
229,210,91.70%,19,00:00:29,00:02:23,00:08:16,64.16%,Rep01
194,172,88.66%,22,00:00:23,00:02:20,00:06:16,66.14%,Rep08
202,179,88.61%,23,00:00:24,00:02:16,00:02:50,64.43%,Rep01
268,254,94.78%,14,00:00:15,00:01:51,00:02:40,81.13%,Rep05
52,49,94.23%,3,00:00:18,00:02:18,00:02:17,76.47%,Rep01
414,397,95.89%,17,00:00:23,00:01:58,00:05:32,70.73%,Rep03
346,325,93.93%,21,00:00:27,00:02:22,00:02:45,65.69%,Rep03
187,179,95.72%,8,00:00:25,00:02:14,00:02:59,67.03%,Rep10
203,186,91.63%,17,00:00:24,00:02:38,00:04:35,69.59%,Rep06
204,194,95.10%,10,00:00:18,00:02:33,00:02:02,82.41%,Rep04
126,121,96.03%,5,00:00:21,00:02:32,00:01:51,70.63%,Rep02
36,36,100.00%,0,00:00:17,00:02:07,00:01:31,77.78%,Rep04
180,165,91.67%,15,00:00:27,00:02:30,00:02:19,66.09%,Rep04
169,162,95.86%,7,00:00:20,00:02:25,00:01:53,74.56%,Rep04
155,151,97.42%,4,00:00:21,00:02:20,00:02:45,70.97%,Rep07
169,137,81.07%,32,00:00:38,00:02:24,00:05:30,40.36%,Rep04
61,45,73.77%,16,00:00:32,00:02:49,00:05:30,40.98%,Rep07
167,136,81.44%,31,00:00:42,00:02:36,00:05:28,35.98%,Rep07
32,27,84.38%,5,00:00:35,00:02:22,00:03:10,53.13%,Rep08
229,148,64.63%,81,00:00:36,00:02:48,00:10:39,43.18%,Rep08
208,204,98.08%,4,00:00:19,00:03:06,00:05:14,77.67%,Rep10
175,168,96.00%,7,00:00:25,00:02:51,00:03:44,65.12%,Rep02
177,167,94.35%,10,00:00:22,00:02:41,00:04:24,68.39%,Rep06
822,767,93.31%,55,00:00:24,00:01:25,00:04:35,64.40%,Rep01
87,85,97.70%,2,00:00:23,00:02:25,00:02:17,67.82%,Rep08
41,39,95.12%,2,00:00:15,00:02:42,00:01:18,82.50%,Rep03
280,257,91.79%,23,00:00:31,00:02:33,00:07:55,63.87%,Rep07
199,192,96.48%,7,00:00:22,00:02:46,00:02:48,73.87%,Rep01
252,239,94.84%,13,00:00:29,00:02:29,00:03:36,64.92%,Rep03
220,208,94.55%,12,00:00:20,00:02:36,00:02:45,75.59%,Rep07
206,193,93.69%,13,00:00:24,00:02:27,00:03:37,75.49%,Rep03
217,206,94.93%,11,00:00:22,00:02:26,00:02:02,71.03%,Rep03
24,24,100.00%,0,00:00:19,00:02:50,00:01:07,79.17%,Rep02
248,238,95.97%,10,00:00:13,00:02:27,00:01:50,85.25%,Rep04
222,212,95.50%,10,00:00:20,00:02:25,00:03:41,77.73%,Rep02
190,178,93.68%,12,00:00:32,00:02:27,00:02:45,55.08%,Rep08
238,231,97.06%,7,00:00:20,00:02:27,00:02:03,79.66%,Rep08
214,205,95.79%,9,00:00:20,00:02:34,00:02:34,79.05%,Rep03
186,176,94.62%,10,00:00:23,00:02:15,00:05:03,70.88%,Rep02
21,20,95.24%,1,00:00:14,00:02:25,00:00:54,85.00%,Rep04
169,157,92.90%,12,00:00:21,00:02:29,00:04:30,77.71%,Rep04
149,141,94.63%,8,00:00:16,00:02:38,00:02:37,79.05%,Rep02
171,164,95.91%,7,00:00:19,00:02:22,00:03:49,77.19%,Rep09
127,122,96.06%,5,00:00:13,00:02:22,00:01:25,87.80%,Rep09
21,21,100.00%,0,00:00:08,00:03:03,00:00:58,90.48%,Rep08
5,5,100.00%,0,00:00:14,00:02:37,00:00:59,80.00%,Rep02
33,32,96.97%,1,00:00:26,00:02:04,00:01:45,66.67%,Rep05
145,139,95.86%,6,00:00:20,00:02:28,00:03:41,79.02%,Rep09
129,127,98.45%,2,00:00:19,00:02:13,00:01:49,75.59%,Rep09
194,178,91.75%,16,00:00:26,00:02:36,00:05:20,67.19%,Rep07
194,187,96.39%,7,00:00:24,00:02:25,00:03:44,77.25%,Rep10
202,195,96.53%,7,00:00:21,00:02:21,00:02:59,74.75%,Rep05
214,208,97.20%,6,00:00:13,00:02:19,00:00:57,88.15%,Rep03
28,28,100.00%,0,00:00:13,00:02:13,00:01:18,89.29%,Rep02
191,187,97.91%,4,00:00:15,00:02:23,00:01:40,82.54%,Rep03
205,197,96.10%,8,00:00:21,00:02:27,00:02:23,74.38%,Rep09
198,196,98.99%,2,00:00:23,00:02:28,00:02:03,73.60%,Rep02
184,177,96.20%,7,00:00:20,00:02:41,00:01:50,78.57%,Rep01
184,174,94.57%,10,00:00:25,00:02:27,00:02:47,70.00%,Rep10
168,160,95.24%,8,00:00:26,00:02:25,00:02:04,68.26%,Rep06
39,37,94.87%,2,00:00:14,00:02:08,00:01:03,81.08%,Rep09
225,210,93.33%,15,00:00:28,00:02:13,00:02:33,66.97%,Rep02
182,174,95.60%,8,00:00:32,00:02:16,00:03:56,60.22%,Rep03
346,305,88.15%,41,00:00:45,00:01:57,00:05:07,45.03%,Rep10
450,441,98.00%,9,00:00:19,00:01:53,00:02:31,78.30%,Rep05
259,248,95.75%,11,00:00:20,00:02:06,00:01:51,75.39%,Rep09
231,214,92.64%,17,00:00:18,00:02:06,00:02:31,79.56%,Rep07
48,47,97.92%,1,00:00:13,00:02:03,00:01:46,89.58%,Rep07
246,236,95.93%,10,00:00:20,00:02:11,00:04:36,79.18%,Rep09
202,195,96.53%,7,00:00:25,00:02:15,00:05:33,74.50%,Rep09
153,150,98.04%,3,00:00:15,00:02:15,00:02:12,82.24%,Rep02
178,172,96.63%,6,00:00:19,00:02:15,00:04:35,78.29%,Rep06
172,165,95.93%,7,00:00:19,00:02:24,00:03:24,79.29%,Rep05
208,200,96.15%,8,00:00:26,00:02:23,00:03:15,68.78%,Rep06
77,76,98.70%,1,00:00:29,00:02:16,00:01:54,58.44%,Rep07
291,250,85.91%,41,00:00:41,00:02:20,00:07:10,55.44%,Rep01
219,212,96.80%,7,00:00:21,00:02:19,00:01:50,76.85%,Rep10
173,169,97.69%,4,00:00:18,00:02:13,00:02:14,81.40%,Rep02
204,197,96.57%,7,00:00:17,00:02:23,00:01:57,80.00%,Rep10
216,185,85.65%,31,00:00:30,00:02:17,00:06:26,61.43%,Rep01
461,441,95.66%,20,00:00:30,00:02:18,00:03:40,61.49%,Rep06
56,55,98.21%,1,00:00:26,00:02:11,00:01:53,66.07%,Rep06
192,176,91.67%,16,00:00:23,00:02:05,00:02:47,68.28%,Rep03
382,365,95.55%,17,00:00:20,00:01:35,00:02:53,73.14%,Rep01
246,223,90.65%,23,00:00:25,00:02:14,00:05:24,71.67%,Rep07
48,46,95.83%,2,00:00:26,00:02:14,00:01:25,72.34%,Rep06
221,205,92.76%,16,00:00:26,00:02:15,00:03:15,63.08%,Rep05
275,261,94.91%,14,00:00:33,00:02:19,00:02:58,58.52%,Rep04
39,36,92.31%,3,00:00:19,00:01:53,00:01:52,77.78%,Rep10
250,236,94.40%,14,00:00:29,00:02:08,00:04:07,59.04%,Rep05
197,184,93.40%,13,00:00:29,00:02:23,00:03:41,55.61%,Rep06
223,208,93.27%,15,00:00:28,00:02:21,00:06:51,72.27%,Rep08
240,236,98.33%,4,00:00:18,00:02:14,00:02:08,77.92%,Rep05
55,52,94.55%,3,00:00:16,00:02:19,00:01:42,78.18%,Rep07
59,54,91.53%,5,00:00:08,00:02:06,00:02:01,84.75%,Rep01
36,31,86.11%,5,00:00:11,00:02:22,00:01:56,72.22%,Rep08
229,219,95.63%,10,00:00:13,00:02:07,00:02:35,84.89%,Rep09
206,189,91.75%,17,00:00:15,00:02:19,00:03:48,82.83%,Rep05
225,200,88.89%,25,00:00:21,00:02:21,00:04:42,73.11%,Rep01
200,193,96.50%,7,00:00:17,00:02:23,00:03:40,79.29%,Rep09
189,179,94.71%,10,00:00:22,00:02:10,00:06:41,78.07%,Rep09
169,159,94.08%,10,00:00:22,00:02:23,00:03:26,73.65%,Rep02
41,40,97.56%,1,00:00:25,00:02:32,00:02:05,68.29%,Rep05
218,187,85.78%,31,00:00:48,00:02:15,00:05:13,52.11%,Rep07
194,185,95.36%,9,00:00:21,00:02:10,00:02:45,71.58%,Rep02
176,172,97.73%,4,00:00:16,00:02:20,00:02:15,82.08%,Rep10
181,179,98.90%,2,00:00:18,00:02:21,00:02:17,80.56%,Rep06
159,151,94.97%,8,00:00:29,00:01:59,00:03:41,61.01%,Rep10
144,135,93.75%,9,00:00:24,00:02:12,00:06:25,70.63%,Rep05
30,29,96.67%,1,00:00:33,00:02:58,00:02:16,60.00%,Rep01
197,185,93.91%,12,00:00:24,00:02:18,00:02:20,68.23%,Rep04
56,47,83.93%,9,00:00:24,00:02:22,00:02:48,58.93%,Rep08
182,153,84.07%,29,00:00:38,00:02:17,00:10:41,53.89%,Rep08
178,166,93.26%,12,00:00:30,00:02:24,00:05:12,62.07%,Rep07
183,164,89.62%,19,00:00:25,00:02:04,00:03:40,65.91%,Rep04
197,182,92.39%,15,00:00:28,00:02:25,00:04:20,64.80%,Rep10
60,58,96.67%,2,00:00:37,00:02:36,00:03:10,54.24%,Rep08
241,224,92.95%,17,00:00:23,00:02:25,00:02:45,70.46%,Rep01
307,295,96.09%,12,00:00:29,00:02:16,00:02:45,60.46%,Rep03
295,289,97.97%,6,00:00:26,00:02:23,00:03:11,70.69%,Rep07
239,230,96.23%,9,00:00:26,00:02:14,00:03:14,68.91%,Rep06
241,231,95.85%,10,00:00:23,00:02:25,00:01:52,72.46%,Rep03
211,195,92.42%,16,00:00:33,00:02:42,00:03:16,52.40%,Rep04
40,35,87.50%,5,00:00:40,00:02:35,00:03:12,47.50%,Rep05
192,174,90.63%,18,00:00:32,00:02:16,00:03:40,55.79%,Rep10
201,179,89.05%,22,00:00:35,00:02:18,00:03:40,57.29%,Rep09
274,247,90.15%,27,00:00:28,00:02:10,00:04:04,63.94%,Rep07
205,176,85.85%,29,00:00:41,00:02:16,00:05:11,46.23%,Rep06
177,160,90.40%,17,00:00:28,00:02:20,00:03:59,59.20%,Rep05
159,151,94.97%,8,00:00:22,00:02:08,00:07:22,73.25%,Rep08
33,28,84.85%,5,00:00:13,00:02:30,00:01:02,66.67%,Rep01
228,210,92.11%,18,00:00:23,00:02:08,00:03:09,66.67%,Rep03
177,172,97.18%,5,00:00:25,00:02:15,00:02:52,69.14%,Rep09
197,169,85.79%,28,00:00:34,00:02:30,00:07:41,55.67%,Rep06
721,616,85.44%,105,00:00:57,00:01:55,00:05:48,28.31%,Rep08
301,270,89.70%,31,00:00:42,00:02:05,00:10:06,42.47%,Rep10
179,175,97.77%,4,00:00:24,00:02:21,00:03:12,71.35%,Rep07
45,45,100.00%,0,00:00:16,00:02:11,00:03:21,86.67%,Rep05
180,164,91.11%,16,00:00:25,00:02:22,00:01:50,61.80%,Rep02
206,200,97.09%,6,00:00:22,00:02:19,00:02:07,74.63%,Rep04
187,181,96.79%,6,00:00:32,00:02:30,00:03:54,62.70%,Rep06
186,177,95.16%,9,00:00:28,00:02:22,00:05:30,67.93%,Rep03
189,180,95.24%,9,00:00:35,00:02:15,00:03:24,56.45%,Rep06
127,116,91.34%,11,00:00:34,00:02:25,00:02:46,56.45%,Rep02
93,90,96.77%,3,00:00:26,00:01:57,00:02:57,63.44%,Rep10
328,292,89.02%,36,00:00:37,00:02:17,00:06:25,49.68%,Rep06
238,223,93.70%,15,00:00:33,00:02:23,00:03:40,59.23%,Rep07
237,222,93.67%,15,00:00:34,00:02:24,00:02:52,53.85%,Rep09
257,235,91.44%,22,00:00:45,00:02:31,00:04:24,44.66%,Rep04
238,223,93.70%,15,00:00:32,00:02:17,00:03:22,54.70%,Rep07
199,164,82.41%,35,00:00:32,00:02:13,00:06:56,59.18%,Rep09
30,27,90.00%,3,00:00:32,00:02:34,00:02:37,60.71%,Rep04
176,163,92.61%,13,00:00:38,00:02:05,00:05:30,54.29%,Rep03
162,144,88.89%,18,00:00:41,00:02:25,00:03:40,50.31%,Rep01
169,157,92.90%,12,00:00:29,00:02:29,00:01:56,53.89%,Rep09
155,146,94.19%,9,00:00:30,00:02:18,00:03:10,50.98%,Rep10
247,205,83.00%,42,00:00:49,00:02:26,00:07:36,38.49%,Rep08
191,186,97.38%,5,00:00:24,00:02:14,00:01:54,70.53%,Rep06
30,29,96.67%,1,00:00:06,00:02:15,00:00:46,93.33%,Rep10
316,290,91.77%,26,00:00:31,00:02:21,00:04:02,59.16%,Rep04
211,195,92.42%,16,00:00:34,00:02:21,00:06:25,55.77%,Rep05
208,169,81.25%,39,00:00:45,00:02:18,00:07:15,45.85%,Rep05
130,124,95.38%,6,00:00:22,00:02:17,00:02:15,68.99%,Rep03
134,129,96.27%,5,00:00:24,00:02:12,00:03:28,70.90%,Rep05
124,121,97.58%,3,00:00:27,00:02:19,00:03:19,70.73%,Rep03
47,43,91.49%,4,00:00:37,00:02:18,00:03:16,54.35%,Rep08
197,186,94.42%,11,00:00:28,00:02:18,00:02:27,63.83%,Rep02
158,146,92.41%,12,00:00:31,00:02:24,00:03:40,56.96%,Rep07
163,151,92.64%,12,00:00:28,00:02:13,00:04:53,63.75%,Rep04
178,160,89.89%,18,00:00:35,00:02:39,00:04:41,54.49%,Rep07
151,128,84.77%,23,00:00:35,00:02:23,00:05:38,53.38%,Rep10
118,106,89.83%,12,00:00:33,00:02:25,00:04:32,55.17%,Rep06
31,28,90.32%,3,00:00:40,00:02:40,00:03:12,43.33%,Rep06
139,134,96.40%,5,00:00:31,00:02:23,00:02:50,59.42%,Rep10
171,154,90.06%,17,00:00:27,00:02:24,00:06:28,65.66%,Rep06
160,156,97.50%,4,00:00:27,00:02:15,00:01:47,64.56%,Rep07
177,169,95.48%,8,00:00:29,00:02:31,00:03:40,64.37%,Rep06
187,180,96.26%,7,00:00:26,00:02:22,00:05:56,65.59%,Rep06
147,138,93.88%,9,00:00:26,00:02:24,00:05:19,61.38%,Rep08
35,35,100.00%,0,00:00:08,00:02:10,00:00:47,88.57%,Rep01
208,194,93.27%,14,00:00:35,00:02:26,00:04:26,56.93%,Rep05
162,155,95.68%,7,00:00:19,00:02:17,00:03:43,77.99%,Rep01
152,143,94.08%,9,00:00:22,00:02:28,00:03:41,70.00%,Rep09
132,125,94.70%,7,00:00:26,00:02:07,00:03:52,68.94%,Rep04
133,131,98.50%,2,00:00:12,00:02:19,00:01:19,87.12%,Rep05
129,121,93.80%,8,00:00:33,00:02:37,00:04:01,61.42%,Rep05
37,35,94.59%,2,00:00:19,00:02:21,00:01:32,75.68%,Rep02
56,54,96.43%,2,00:00:13,00:02:33,00:02:13,87.27%,Rep08
215,210,97.67%,5,00:00:12,00:01:34,00:01:42,87.74%,Rep02
50,46,92.00%,4,00:00:14,00:02:42,00:01:13,72.00%,Rep01
136,129,94.85%,7,00:00:22,00:02:26,00:02:30,66.42%,Rep09
160,142,88.75%,18,00:00:35,00:02:34,00:03:10,55.92%,Rep08
132,115,87.12%,17,00:00:36,00:02:27,00:04:35,48.84%,Rep04
30,28,93.33%,2,00:00:47,00:02:36,00:02:22,40.00%,Rep02
150,140,93.33%,10,00:00:29,00:02:32,00:02:11,63.09%,Rep02
160,144,90.00%,16,00:00:46,00:02:39,00:04:25,49.68%,Rep09
132,122,92.42%,10,00:00:37,00:02:38,00:03:51,50.00%,Rep07
161,151,93.79%,10,00:00:28,00:02:07,00:02:50,61.39%,Rep01
156,149,95.51%,7,00:00:22,00:02:28,00:04:11,70.32%,Rep08
137,128,93.43%,9,00:00:31,00:02:30,00:05:04,62.69%,Rep03
28,25,89.29%,3,00:01:00,00:02:47,00:04:46,32.14%,Rep03
141,133,94.33%,8,00:00:33,00:02:42,00:04:38,63.31%,Rep01
130,123,94.62%,7,00:00:32,00:02:40,00:02:20,53.49%,Rep08
161,155,96.27%,6,00:00:27,00:02:43,00:02:43,73.58%,Rep09
139,132,94.96%,7,00:00:28,00:02:40,00:01:51,63.31%,Rep07
167,130,77.84%,37,00:00:29,00:02:34,00:11:56,54.60%,Rep09
138,122,88.41%,16,00:00:35,00:02:49,00:05:30,57.78%,Rep03
47,44,93.62%,3,00:00:26,00:03:11,00:03:29,63.04%,Rep05
230,206,89.57%,24,00:00:38,00:02:34,00:04:35,46.72%,Rep03
177,153,86.44%,24,00:00:30,00:02:53,00:04:28,55.49%,Rep08
159,149,93.71%,10,00:00:33,00:02:40,00:04:32,61.04%,Rep02
151,135,89.40%,16,00:00:36,00:02:32,00:04:41,52.74%,Rep10
138,126,91.30%,12,00:00:34,00:02:17,00:04:10,59.70%,Rep09
118,118,100.00%,0,00:00:26,00:02:33,00:01:38,66.10%,Rep08
22,21,95.45%,1,00:00:42,00:02:24,00:02:56,52.38%,Rep06
177,156,88.14%,21,00:00:42,00:02:39,00:03:16,42.37%,Rep04
156,147,94.23%,9,00:00:29,00:02:31,00:03:41,63.64%,Rep08
123,121,98.37%,2,00:00:26,00:02:28,00:03:29,64.23%,Rep01
130,125,96.15%,5,00:00:26,00:02:29,00:03:28,66.93%,Rep08
141,134,95.04%,7,00:00:39,00:02:33,00:03:08,56.43%,Rep02
121,113,93.39%,8,00:00:38,00:02:38,00:04:18,50.83%,Rep08
35,31,88.57%,4,00:00:34,00:02:05,00:04:29,47.06%,Rep01
240,226,94.17%,14,00:00:36,00:02:15,00:04:06,57.02%,Rep04
130,118,90.77%,12,00:00:32,00:02:23,00:03:40,57.81%,Rep08
140,130,92.86%,10,00:00:29,00:02:31,00:07:35,62.32%,Rep02
131,111,84.73%,20,00:00:38,00:03:16,00:09:59,59.69%,Rep05
74,74,100.00%,0,00:00:13,00:02:55,00:01:53,89.19%,Rep01
24,24,100.00%,0,00:00:12,00:02:47,00:00:57,83.33%,Rep07
11,10,90.91%,1,00:00:13,00:02:24,00:00:55,81.82%,Rep09
28,26,92.86%,2,00:00:10,00:02:30,00:01:26,81.48%,Rep02
43,43,100.00%,0,00:00:08,00:02:23,00:00:52,88.37%,Rep05
62,62,100.00%,0,00:00:17,00:02:12,00:01:26,82.26%,Rep04
70,69,98.57%,1,00:00:22,00:02:06,00:08:40,81.43%,Rep08
107,97,90.65%,10,00:00:21,00:02:26,00:02:40,68.87%,Rep01
91,85,93.41%,6,00:00:30,00:02:27,00:05:49,62.64%,Rep05
25,25,100.00%,0,00:00:11,00:02:40,00:00:55,84.00%,Rep04
85,79,92.94%,6,00:00:24,00:02:31,00:03:07,72.29%,Rep08
91,83,91.21%,8,00:00:26,00:02:37,00:03:40,62.64%,Rep01
48,46,95.83%,2,00:00:11,00:02:13,00:01:22,82.98%,Rep03
14,11,78.57%,3,00:00:18,00:02:27,00:02:45,61.54%,Rep07
43,42,97.67%,1,00:00:22,00:02:47,00:03:15,73.81%,Rep04
74,69,93.24%,5,00:00:23,00:02:31,00:04:48,76.71%,Rep05
33,33,100.00%,0,00:00:14,00:02:25,00:01:29,81.82%,Rep07
124,112,90.32%,12,00:00:26,00:02:36,00:05:30,64.75%,Rep05
130,126,96.92%,4,00:00:25,00:02:30,00:02:58,65.89%,Rep02
139,139,100.00%,0,00:00:18,00:02:40,00:03:03,77.54%,Rep09
138,130,94.20%,8,00:00:26,00:02:27,00:01:52,61.48%,Rep07
125,119,95.20%,6,00:00:22,00:02:29,00:03:40,68.00%,Rep02
98,96,97.96%,2,00:00:20,00:02:36,00:02:53,77.32%,Rep06
12,12,100.00%,0,00:00:18,00:03:07,00:01:36,83.33%,Rep02
119,117,98.32%,2,00:00:18,00:02:39,00:02:43,78.15%,Rep08
100,96,96.00%,4,00:00:21,00:02:37,00:02:45,76.00%,Rep08
146,133,91.10%,13,00:00:31,00:02:30,00:03:40,57.75%,Rep10
131,127,96.95%,4,00:00:22,00:02:25,00:02:28,72.66%,Rep07
107,104,97.20%,3,00:00:08,00:02:27,00:01:36,92.45%,Rep06
112,105,93.75%,7,00:00:24,00:02:38,00:04:28,67.27%,Rep07
21,21,100.00%,0,00:00:32,00:02:31,00:01:25,52.38%,Rep01
125,104,83.20%,21,00:00:37,00:02:44,00:02:45,44.63%,Rep01
35,34,97.14%,1,00:00:24,00:02:12,00:02:16,74.29%,Rep01
121,109,90.08%,12,00:00:38,00:02:32,00:05:21,53.78%,Rep05
135,122,90.37%,13,00:00:32,00:02:34,00:03:08,57.58%,Rep07
117,114,97.44%,3,00:00:22,00:02:38,00:02:27,75.86%,Rep06
114,97,85.09%,17,00:00:39,00:02:50,00:08:16,45.13%,Rep04
50,49,98.00%,1,00:00:35,00:02:55,00:02:22,52.00%,Rep08
207,198,95.65%,9,00:00:16,00:02:43,00:03:51,80.49%,Rep09
189,183,96.83%,6,00:00:21,00:02:31,00:03:58,74.19%,Rep09
162,156,96.30%,6,00:00:24,00:02:22,00:02:08,66.46%,Rep07
177,165,93.22%,12,00:00:26,00:02:31,00:03:50,66.47%,Rep07
177,167,94.35%,10,00:00:23,00:02:35,00:02:45,68.97%,Rep01
163,134,82.21%,29,00:00:38,00:02:42,00:07:16,47.20%,Rep02
24,20,83.33%,4,00:00:26,00:03:23,00:02:16,65.22%,Rep04
146,139,95.21%,7,00:00:18,00:02:34,00:06:21,75.86%,Rep03
143,141,98.60%,2,00:00:22,00:02:45,00:02:45,72.03%,Rep09
132,122,92.42%,10,00:00:31,00:02:28,00:04:36,56.49%,Rep07
137,130,94.89%,7,00:00:26,00:02:25,00:02:06,64.44%,Rep04
112,104,92.86%,8,00:00:43,00:02:37,00:04:07,40.91%,Rep06
110,91,82.73%,19,00:00:50,00:02:38,00:05:12,36.70%,Rep07
24,22,91.67%,2,00:00:32,00:02:14,00:04:46,58.33%,Rep07
168,154,91.67%,14,00:00:36,00:02:44,00:03:52,49.40%,Rep02
146,116,79.45%,30,00:00:42,00:02:28,00:15:00,54.93%,Rep08
100,95,95.00%,5,00:00:31,00:02:38,00:02:53,57.00%,Rep01
144,131,90.97%,13,00:00:26,00:02:27,00:02:37,63.57%,Rep02
110,104,94.55%,6,00:00:24,00:02:26,00:02:22,64.22%,Rep01
126,111,88.10%,15,00:00:31,00:02:38,00:04:36,52.80%,Rep01
24,24,100.00%,0,00:00:48,00:02:54,00:04:44,41.67%,Rep05
128,122,95.31%,6,00:00:35,00:02:59,00:02:42,51.56%,Rep09
185,176,95.14%,9,00:00:27,00:02:23,00:05:05,67.93%,Rep05
136,114,83.82%,22,00:00:57,00:02:25,00:05:31,28.79%,Rep08
130,116,89.23%,14,00:00:44,00:02:41,00:06:00,44.44%,Rep09
103,101,98.06%,2,00:00:18,00:02:42,00:02:23,77.45%,Rep01
99,89,89.90%,10,00:00:20,00:02:27,00:01:30,73.68%,Rep03
26,24,92.31%,2,00:00:23,00:02:00,00:01:53,68.00%,Rep01
95,94,98.95%,1,00:00:21,00:02:31,00:03:34,75.53%,Rep05
136,131,96.32%,5,00:00:17,00:02:29,00:02:21,81.06%,Rep10
37,34,91.89%,3,00:00:41,00:02:11,00:05:46,64.86%,Rep06
105,100,95.24%,5,00:00:22,00:02:30,00:02:12,72.28%,Rep03
100,92,92.00%,8,00:00:30,00:02:27,00:04:35,63.27%,Rep02
115,103,89.57%,12,00:00:44,00:02:46,00:04:35,37.17%,Rep08
38,36,94.74%,2,00:00:39,00:02:56,00:02:54,52.63%,Rep06
108,95,87.96%,13,00:00:26,00:02:49,00:02:46,63.81%,Rep07
124,118,95.16%,6,00:00:23,00:02:31,00:03:01,73.77%,Rep09
97,92,94.85%,5,00:00:25,00:02:36,00:02:23,67.71%,Rep09
117,108,92.31%,9,00:00:37,00:01:46,00:04:03,48.67%,Rep02
34,31,91.18%,3,00:00:27,00:02:37,00:02:32,64.71%,Rep05
53,50,94.34%,3,00:00:28,00:02:11,00:03:16,66.04%,Rep02
29,23,79.31%,6,00:00:42,00:02:47,00:03:40,32.14%,Rep03
120,107,89.17%,13,00:00:34,00:02:39,00:03:21,44.07%,Rep07
107,100,93.46%,7,00:00:33,00:02:33,00:02:08,51.43%,Rep08
173,159,91.91%,14,00:00:47,00:02:44,00:05:30,39.41%,Rep02
256,213,83.20%,43,00:00:44,00:02:45,00:05:18,41.70%,Rep06
199,174,87.44%,25,00:00:36,00:02:35,00:04:35,53.06%,Rep06
182,170,93.41%,12,00:00:40,00:02:44,00:03:27,45.81%,Rep09
42,41,97.62%,1,00:00:42,00:02:53,00:03:40,56.10%,Rep06
181,168,92.82%,13,00:00:34,00:02:35,00:02:43,51.69%,Rep01
159,147,92.45%,12,00:00:30,00:02:36,00:04:39,58.71%,Rep10
142,134,94.37%,8,00:00:26,00:02:50,00:01:50,61.87%,Rep06
194,163,84.02%,31,00:00:30,00:02:38,00:05:31,51.04%,Rep10
235,210,89.36%,25,00:00:38,00:02:53,00:04:35,48.90%,Rep04
206,180,87.38%,26,00:00:51,00:02:47,00:07:03,38.61%,Rep02
58,47,81.03%,11,00:00:48,00:02:36,00:04:35,42.11%,Rep04
212,194,91.51%,18,00:00:38,00:02:33,00:04:21,51.20%,Rep07
232,214,92.24%,18,00:00:34,00:02:36,00:05:30,55.90%,Rep07
348,327,93.97%,21,00:00:32,00:02:28,00:07:20,54.62%,Rep01
167,156,93.41%,11,00:00:32,00:02:43,00:02:57,56.79%,Rep03
167,157,94.01%,10,00:00:27,00:02:57,00:05:19,67.48%,Rep09
166,161,96.99%,5,00:00:21,00:02:45,00:01:32,73.33%,Rep01
32,28,87.50%,4,00:00:22,00:02:43,00:07:35,64.52%,Rep04
52,49,94.23%,3,00:00:32,00:02:58,00:03:02,63.46%,Rep04
154,149,96.75%,5,00:00:26,00:02:52,00:01:50,64.90%,Rep07
223,218,97.76%,5,00:00:18,00:02:07,00:02:00,80.09%,Rep07
170,157,92.35%,13,00:00:17,00:03:04,00:06:25,78.44%,Rep05
145,133,91.72%,12,00:00:26,00:02:56,00:03:39,69.23%,Rep02
144,138,95.83%,6,00:00:17,00:02:53,00:02:45,83.80%,Rep03
16,15,93.75%,1,00:00:17,00:03:00,00:02:45,68.75%,Rep08
135,131,97.04%,4,00:00:20,00:02:37,00:02:00,76.12%,Rep09
137,133,97.08%,4,00:00:24,00:02:49,00:02:46,69.12%,Rep09
149,144,96.64%,5,00:00:17,00:02:39,00:02:02,82.76%,Rep08
155,143,92.26%,12,00:00:16,00:02:41,00:06:25,80.14%,Rep03
128,121,94.53%,7,00:00:19,00:02:55,00:04:35,77.78%,Rep08
134,125,93.28%,9,00:00:21,00:02:38,00:03:18,72.52%,Rep08
21,21,100.00%,0,00:00:23,00:02:37,00:02:50,76.19%,Rep07
150,138,92.00%,12,00:00:30,00:02:52,00:04:16,58.67%,Rep06
163,158,96.93%,5,00:00:14,00:02:28,00:02:01,81.99%,Rep05
160,151,94.38%,9,00:00:12,00:02:39,00:02:57,87.18%,Rep03
132,125,94.70%,7,00:00:30,00:02:46,00:03:47,64.62%,Rep04
131,126,96.18%,5,00:00:17,00:02:47,00:02:35,78.29%,Rep10
158,146,92.41%,12,00:00:21,00:02:42,00:03:40,75.32%,Rep01
19,16,84.21%,3,00:00:51,00:02:46,00:04:14,47.37%,Rep06
151,128,84.77%,23,00:00:52,00:02:30,00:05:38,37.93%,Rep04
139,128,92.09%,11,00:00:32,00:02:44,00:03:34,51.80%,Rep01
166,135,81.33%,31,00:00:41,00:02:40,00:05:09,46.50%,Rep09
258,196,75.97%,62,00:01:10,00:02:30,00:07:51,24.29%,Rep02
203,176,86.70%,27,00:00:40,00:02:30,00:09:09,44.78%,Rep06
182,162,89.01%,20,00:00:25,00:02:48,00:03:40,59.43%,Rep03
18,17,94.44%,1,00:00:55,00:04:01,00:05:46,50.00%,Rep02
215,170,79.07%,45,00:00:55,00:02:49,00:07:26,43.06%,Rep06
209,203,97.13%,6,00:00:25,00:02:42,00:03:40,74.88%,Rep07
140,134,95.71%,6,00:00:20,00:02:59,00:03:21,76.26%,Rep04
124,110,88.71%,14,00:00:15,00:02:56,00:08:16,81.82%,Rep05
179,163,91.06%,16,00:00:23,00:02:44,00:04:17,71.59%,Rep07
163,161,98.77%,2,00:00:10,00:02:40,00:01:51,94.41%,Rep01
27,27,100.00%,0,00:00:05,00:02:48,00:00:19,100.00%,Rep05
182,175,96.15%,7,00:00:19,00:02:38,00:03:08,79.89%,Rep10
164,159,96.95%,5,00:00:11,00:02:23,00:06:28,90.18%,Rep01
160,159,99.38%,1,00:00:05,00:02:40,00:00:58,98.74%,Rep05
174,155,89.08%,19,00:00:16,00:02:41,00:06:39,77.06%,Rep06
235,230,97.87%,5,00:00:05,00:02:27,00:01:50,95.74%,Rep05
175,174,99.43%,1,00:00:04,00:02:26,00:01:53,98.86%,Rep09
25,25,100.00%,0,00:00:04,00:03:15,00:00:55,96.00%,Rep02
170,167,98.24%,3,00:00:06,00:02:35,00:03:40,94.08%,Rep10
187,168,89.84%,19,00:00:26,00:02:20,00:04:49,70.43%,Rep07
53,51,96.23%,2,00:00:06,00:02:29,00:01:50,88.68%,Rep06
121,117,96.69%,4,00:00:13,00:02:36,00:02:41,85.83%,Rep07
143,139,97.20%,4,00:00:05,00:02:26,00:01:56,94.41%,Rep04
100,96,96.00%,4,00:00:06,00:02:28,00:01:50,91.92%,Rep02
17,17,100.00%,0,00:00:08,00:02:55,00:00:59,88.24%,Rep02
113,110,97.35%,3,00:00:08,00:02:33,00:01:18,90.18%,Rep03
139,128,92.09%,11,00:00:13,00:02:38,00:03:40,82.01%,Rep03
135,134,99.26%,1,00:00:04,00:02:34,00:01:50,98.52%,Rep07
29,29,100.00%,0,00:00:15,00:03:13,00:01:29,79.31%,Rep04
120,116,96.67%,4,00:00:05,00:02:43,00:02:45,95.83%,Rep03
115,108,93.91%,7,00:00:09,00:02:50,00:04:25,88.70%,Rep01
14,14,100.00%,0,00:00:14,00:02:17,00:01:14,78.57%,Rep02
107,104,97.20%,3,00:00:07,00:02:29,00:00:58,90.57%,Rep03
137,128,93.43%,9,00:00:10,00:02:30,00:02:03,85.29%,Rep08
106,105,99.06%,1,00:00:11,00:02:47,00:01:53,85.85%,Rep01
116,108,93.10%,8,00:00:19,00:02:26,00:02:33,84.07%,Rep02
120,117,97.50%,3,00:00:09,00:02:37,00:01:05,90.76%,Rep04
123,121,98.37%,2,00:00:07,00:02:27,00:01:55,91.06%,Rep02
31,31,100.00%,0,00:00:03,00:02:18,00:00:03,100.00%,Rep01
140,139,99.29%,1,00:00:08,00:02:39,00:01:11,92.14%,Rep07
168,161,95.83%,7,00:00:18,00:02:24,00:02:24,73.65%,Rep08
146,144,98.63%,2,00:00:06,00:02:38,00:00:58,94.48%,Rep07
110,106,96.36%,4,00:00:15,00:02:50,00:02:30,80.00%,Rep02
342,333,97.37%,9,00:00:15,00:02:10,00:02:39,81.42%,Rep02
190,183,96.32%,7,00:00:16,00:02:32,00:01:59,78.95%,Rep05
25,24,96.00%,1,00:00:06,00:02:22,00:00:48,91.67%,Rep04
169,162,95.86%,7,00:00:09,00:02:31,00:04:36,89.16%,Rep01
130,129,99.23%,1,00:00:11,00:02:30,00:01:52,86.92%,Rep09
22,20,90.91%,2,00:00:09,00:03:15,00:01:50,90.48%,Rep01
5,5,100.00%,0,00:00:28,00:02:25,00:01:14,60.00%,Rep06
119,115,96.64%,4,00:00:11,00:02:28,00:01:50,86.44%,Rep07
140,138,98.57%,2,00:00:09,00:02:17,00:02:11,92.14%,Rep06
22,22,100.00%,0,00:00:06,00:02:21,00:00:48,90.91%,Rep02
126,124,98.41%,2,00:00:08,00:02:35,00:00:58,94.40%,Rep09
122,111,90.98%,11,00:00:13,00:02:43,00:02:13,77.69%,Rep04
113,108,95.58%,5,00:00:13,00:02:31,00:01:27,82.88%,Rep07
119,109,91.60%,10,00:00:17,00:02:36,00:05:15,83.62%,Rep01
134,119,88.81%,15,00:00:24,00:02:46,00:02:45,63.43%,Rep03
101,97,96.04%,4,00:00:16,00:02:33,00:01:38,77.00%,Rep04
20,20,100.00%,0,00:00:04,00:02:24,00:00:18,100.00%,Rep07
169,162,95.86%,7,00:00:17,00:02:32,00:05:31,80.12%,Rep05
137,133,97.08%,4,00:00:29,00:02:37,00:02:42,62.04%,Rep06
133,127,95.49%,6,00:00:18,00:02:39,00:04:36,81.95%,Rep04
184,179,97.28%,5,00:00:10,00:02:03,00:02:44,90.56%,Rep07
145,135,93.10%,10,00:00:21,00:02:35,00:03:10,74.13%,Rep07
114,108,94.74%,6,00:00:14,00:02:31,00:02:33,82.88%,Rep06
24,23,95.83%,1,00:00:05,00:02:12,00:00:55,95.83%,Rep01
143,136,95.10%,7,00:00:09,00:02:32,00:05:30,84.51%,Rep02
119,114,95.80%,5,00:00:08,00:02:22,00:01:19,90.60%,Rep09
123,118,95.93%,5,00:00:21,00:02:46,00:02:44,70.73%,Rep08
145,141,97.24%,4,00:00:14,00:02:36,00:01:50,83.33%,Rep01
108,106,98.15%,2,00:00:26,00:02:50,00:04:57,68.22%,Rep03
128,125,97.66%,3,00:00:13,00:02:45,00:01:42,82.68%,Rep09
27,26,96.30%,1,00:00:20,00:02:51,00:02:40,84.62%,Rep10
155,151,97.42%,4,00:00:11,00:02:32,00:02:18,89.61%,Rep08
116,110,94.83%,6,00:00:18,00:02:23,00:02:47,75.00%,Rep03
117,111,94.87%,6,00:00:18,00:02:43,00:02:06,76.52%,Rep06
113,105,92.92%,8,00:00:31,00:02:37,00:03:40,53.98%,Rep04
107,101,94.39%,6,00:00:23,00:02:44,00:03:11,73.58%,Rep03
146,141,96.58%,5,00:00:25,00:02:22,00:02:46,65.75%,Rep09
29,26,89.66%,3,00:00:09,00:02:37,00:01:50,85.71%,Rep09
231,228,98.70%,3,00:00:15,00:02:09,00:03:26,81.39%,Rep04
239,215,89.96%,24,00:00:23,00:02:36,00:04:35,66.67%,Rep04
174,154,88.51%,20,00:00:29,00:02:40,00:05:08,61.31%,Rep02
168,163,97.02%,5,00:00:21,00:02:49,00:02:45,70.66%,Rep03
135,128,94.81%,7,00:00:18,00:02:36,00:05:30,72.59%,Rep09
122,113,92.62%,9,00:00:30,00:02:49,00:03:40,61.16%,Rep05
13,12,92.31%,1,00:00:24,00:02:45,00:01:12,66.67%,Rep09
20,18,90.00%,2,00:00:23,00:02:43,00:02:44,73.68%,Rep09
152,141,92.76%,11,00:00:22,00:02:41,00:04:29,70.00%,Rep08
132,131,99.24%,1,00:00:12,00:02:39,00:02:00,87.02%,Rep04
180,171,95.00%,9,00:00:21,00:02:51,00:02:39,71.91%,Rep07
193,189,97.93%,4,00:00:13,00:02:35,00:02:26,82.90%,Rep09
245,236,96.33%,9,00:00:13,00:02:44,00:02:20,82.79%,Rep03
35,34,97.14%,1,00:00:11,00:02:11,00:01:44,88.24%,Rep09
198,190,95.96%,8,00:00:12,00:02:38,00:01:22,84.69%,Rep09
47,47,100.00%,0,00:00:06,00:02:09,00:00:57,93.62%,Rep07
187,186,99.47%,1,00:00:07,00:02:30,00:02:45,93.58%,Rep05
57,54,94.74%,3,00:00:07,00:02:37,00:00:55,91.07%,Rep05
169,162,95.86%,7,00:00:09,00:02:39,00:01:50,88.17%,Rep10
337,316,93.77%,21,00:00:23,00:02:13,00:05:17,72.92%,Rep06
44,43,97.73%,1,00:00:09,00:02:35,00:01:50,84.09%,Rep06
210,206,98.10%,4,00:00:12,00:02:39,00:02:32,87.08%,Rep09
190,186,97.89%,4,00:00:17,00:02:22,00:04:53,84.13%,Rep08
190,182,95.79%,8,00:00:10,00:02:40,00:01:38,87.03%,Rep09
169,168,99.41%,1,00:00:11,00:02:25,00:01:48,88.17%,Rep03
52,50,96.15%,2,00:00:06,00:02:34,00:00:58,92.16%,Rep07
144,137,95.14%,7,00:00:14,00:02:36,00:02:56,77.08%,Rep01
36,36,100.00%,0,00:00:15,00:02:53,00:01:41,80.56%,Rep07
155,148,95.48%,7,00:00:14,00:02:26,00:03:23,81.29%,Rep08
159,154,96.86%,5,00:00:16,00:02:41,00:02:12,78.62%,Rep03
115,110,95.65%,5,00:00:14,00:02:28,00:02:17,83.19%,Rep06
186,173,93.01%,13,00:00:19,00:02:39,00:02:44,73.51%,Rep06
167,157,94.01%,10,00:00:23,00:02:32,00:02:49,67.68%,Rep03
146,142,97.26%,4,00:00:22,00:02:42,00:01:59,66.90%,Rep10
41,31,75.61%,10,00:00:39,00:03:43,00:03:40,48.78%,Rep03
185,85,45.95%,100,00:01:49,00:02:46,00:11:01,3.80%,Rep09
149,83,55.70%,66,00:01:38,00:02:18,00:10:06,4.83%,Rep03
180,115,63.89%,65,00:01:04,00:02:33,00:12:50,23.86%,Rep01
173,144,83.24%,29,00:00:38,00:03:00,00:05:32,46.47%,Rep02
176,158,89.77%,18,00:00:20,00:02:33,00:05:15,70.35%,Rep09
147,120,81.63%,27,00:00:46,00:02:39,00:04:16,39.73%,Rep03
84,77,91.67%,7,00:00:17,00:02:07,00:04:30,73.49%,Rep03
325,78,24.00%,247,00:03:13,00:03:01,00:17:27,0.00%,Rep10
441,103,23.36%,338,00:04:04,00:02:43,00:15:38,0.23%,Rep05
525,116,22.10%,409,00:05:08,00:03:08,00:22:56,0.00%,Rep07
610,201,32.95%,409,00:03:13,00:02:52,00:19:15,3.52%,Rep09
427,282,66.04%,145,00:01:02,00:02:49,00:14:42,24.88%,Rep06
378,331,87.57%,47,00:00:43,00:02:37,00:05:30,40.33%,Rep06
80,67,83.75%,13,00:00:38,00:03:12,00:05:30,46.25%,Rep02
356,320,89.89%,36,00:00:34,00:02:52,00:05:30,52.56%,Rep02
409,355,86.80%,54,00:00:44,00:02:55,00:04:21,39.70%,Rep01
352,302,85.80%,50,00:00:41,00:03:03,00:05:49,47.40%,Rep08
282,239,84.75%,43,00:00:39,00:03:06,00:08:26,51.07%,Rep08
429,390,90.91%,39,00:00:38,00:02:41,00:03:40,44.66%,Rep07
310,285,91.94%,25,00:00:33,00:02:45,00:04:12,56.11%,Rep09
102,94,92.16%,8,00:00:29,00:02:40,00:02:48,63.73%,Rep07
335,297,88.66%,38,00:00:39,00:02:33,00:03:42,43.64%,Rep07
313,291,92.97%,22,00:00:26,00:02:25,00:03:42,64.29%,Rep05
251,240,95.62%,11,00:00:24,00:02:42,00:02:45,67.20%,Rep08
190,176,92.63%,14,00:00:24,00:02:31,00:03:53,67.72%,Rep02
188,170,90.43%,18,00:00:34,00:02:49,00:06:25,53.23%,Rep03
166,160,96.39%,6,00:00:15,00:02:40,00:02:45,81.82%,Rep08
73,68,93.15%,5,00:00:15,00:02:13,00:02:28,78.87%,Rep02
170,159,93.53%,11,00:00:20,00:02:40,00:04:51,73.21%,Rep09
188,181,96.28%,7,00:00:23,00:02:39,00:03:01,68.28%,Rep09
306,262,85.62%,44,00:00:44,00:02:48,00:07:37,46.33%,Rep01
201,185,92.04%,16,00:00:23,00:02:38,00:02:46,67.34%,Rep07
188,184,97.87%,4,00:00:17,00:02:36,00:02:22,79.26%,Rep06
148,131,88.51%,17,00:00:31,00:02:51,00:03:36,53.06%,Rep03
21,17,80.95%,4,00:00:52,00:03:29,00:11:00,52.38%,Rep06
148,129,87.16%,19,00:00:40,00:03:01,00:06:56,45.52%,Rep05
167,154,92.22%,13,00:00:17,00:02:43,00:02:49,73.49%,Rep10
169,158,93.49%,11,00:00:16,00:02:36,00:01:44,75.00%,Rep02
175,163,93.14%,12,00:00:22,00:02:37,00:02:18,71.10%,Rep04
193,183,94.82%,10,00:00:16,00:02:49,00:02:48,80.21%,Rep09
154,144,93.51%,10,00:00:20,00:02:41,00:02:54,73.51%,Rep04
35,34,97.14%,1,00:00:14,00:03:06,00:00:58,77.14%,Rep06
172,161,93.60%,11,00:00:20,00:02:48,00:02:32,72.09%,Rep07
195,182,93.33%,13,00:00:24,00:02:51,00:03:10,66.84%,Rep01
163,157,96.32%,6,00:00:17,00:02:46,00:05:33,82.21%,Rep01
134,126,94.03%,8,00:00:30,00:02:58,00:04:59,63.57%,Rep03
158,142,89.87%,16,00:00:25,00:02:45,00:02:56,59.35%,Rep03
161,144,89.44%,17,00:00:34,00:02:49,00:05:00,53.13%,Rep08
36,34,94.44%,2,00:00:20,00:02:05,00:01:57,72.22%,Rep09
147,136,92.52%,11,00:00:17,00:02:55,00:03:15,76.71%,Rep03
131,130,99.24%,1,00:00:18,00:02:47,00:03:18,76.92%,Rep05
128,120,93.75%,8,00:00:22,00:02:47,00:01:54,68.25%,Rep08
136,119,87.50%,17,00:00:26,00:02:52,00:04:35,60.15%,Rep04
225,209,92.89%,16,00:00:19,00:02:29,00:04:06,76.02%,Rep09
167,151,90.42%,16,00:00:19,00:02:27,00:02:44,73.33%,Rep08
48,46,95.83%,2,00:00:16,00:02:26,00:02:38,78.72%,Rep04
232,204,87.93%,28,00:00:32,00:02:22,00:03:56,55.41%,Rep07
198,187,94.44%,11,00:00:27,00:02:48,00:03:13,60.20%,Rep07
171,163,95.32%,8,00:00:19,00:02:41,00:02:48,69.41%,Rep06
180,173,96.11%,7,00:00:31,00:02:49,00:08:13,72.22%,Rep02
192,175,91.15%,17,00:00:26,00:03:01,00:03:40,61.58%,Rep09
194,180,92.78%,14,00:00:25,00:02:50,00:04:03,68.39%,Rep01
37,27,72.97%,10,00:00:35,00:02:53,00:02:58,50.00%,Rep06
180,169,93.89%,11,00:00:23,00:02:44,00:02:05,67.98%,Rep05
213,198,92.96%,15,00:00:16,00:02:47,00:06:21,77.25%,Rep05
251,239,95.22%,12,00:00:21,00:02:18,00:02:48,71.77%,Rep10
200,189,94.50%,11,00:00:19,00:02:53,00:04:36,76.26%,Rep02
214,205,95.79%,9,00:00:25,00:02:48,00:07:17,71.96%,Rep10
185,154,83.24%,31,00:00:47,00:02:56,00:03:16,35.91%,Rep06
49,46,93.88%,3,00:00:38,00:02:21,00:02:16,52.08%,Rep07
193,185,95.85%,8,00:00:21,00:02:51,00:03:57,75.79%,Rep08
195,184,94.36%,11,00:00:22,00:02:39,00:02:38,70.00%,Rep01
211,195,92.42%,16,00:00:34,00:02:51,00:04:31,56.94%,Rep10
200,190,95.00%,10,00:00:15,00:02:56,00:03:06,80.93%,Rep10
48,47,97.92%,1,00:00:15,00:03:13,00:02:58,81.25%,Rep07
164,159,96.95%,5,00:00:20,00:02:51,00:04:47,77.78%,Rep08
43,42,97.67%,1,00:00:14,00:02:32,00:02:34,83.72%,Rep06
236,223,94.49%,13,00:00:26,00:02:46,00:03:38,64.83%,Rep06
270,262,97.04%,8,00:00:15,00:02:36,00:02:08,83.21%,Rep05
304,262,86.18%,42,00:00:34,00:02:56,00:07:01,56.62%,Rep05
286,270,94.41%,16,00:00:20,00:02:48,00:03:06,71.48%,Rep10
317,284,89.59%,33,00:00:30,00:02:48,00:08:16,66.03%,Rep03
471,396,84.08%,75,00:00:59,00:02:41,00:05:29,30.80%,Rep06
48,44,91.67%,4,00:00:29,00:02:31,00:03:07,65.96%,Rep03
375,317,84.53%,58,00:00:43,00:02:52,00:05:06,40.87%,Rep05
327,309,94.50%,18,00:00:22,00:02:48,00:03:46,68.21%,Rep10
366,316,86.34%,50,00:00:37,00:02:44,00:05:11,53.74%,Rep09
121,105,86.78%,16,00:00:47,00:03:00,00:08:41,60.00%,Rep03
287,266,92.68%,21,00:00:34,00:03:06,00:04:08,59.72%,Rep08
298,277,92.95%,21,00:00:39,00:03:08,00:03:35,51.18%,Rep06
70,56,80.00%,14,00:00:46,00:03:23,00:05:08,45.71%,Rep10
287,255,88.85%,32,00:00:40,00:03:30,00:04:09,46.81%,Rep08
298,259,86.91%,39,00:00:30,00:03:14,00:07:15,57.97%,Rep09
347,317,91.35%,30,00:00:30,00:03:11,00:05:52,59.77%,Rep03
414,356,85.99%,58,00:00:43,00:03:27,00:15:32,47.15%,Rep06
406,362,89.16%,44,00:00:37,00:03:02,00:05:17,53.48%,Rep04
366,322,87.98%,44,00:00:35,00:03:03,00:11:12,57.06%,Rep10
68,64,94.12%,4,00:00:14,00:02:58,00:02:04,82.35%,Rep04
350,320,91.43%,30,00:00:37,00:03:13,00:05:39,54.18%,Rep02
437,352,80.55%,85,00:00:52,00:03:01,00:09:33,41.26%,Rep04
484,438,90.50%,46,00:00:45,00:02:57,00:05:47,44.79%,Rep09
405,368,90.86%,37,00:00:35,00:03:09,00:05:41,58.10%,Rep04
570,368,64.56%,202,00:01:11,00:03:24,00:25:51,23.54%,Rep06
424,384,90.57%,40,00:00:49,00:03:14,00:08:56,39.52%,Rep04
60,57,95.00%,3,00:00:32,00:03:19,00:03:00,55.93%,Rep07
497,442,88.93%,55,00:00:48,00:01:36,00:10:45,57.58%,Rep04
429,378,88.11%,51,00:00:37,00:02:05,00:10:55,55.29%,Rep03
499,388,77.76%,111,00:00:54,00:02:15,00:16:59,47.76%,Rep10
510,434,85.10%,76,00:00:48,00:03:29,00:10:21,42.19%,Rep02
549,458,83.42%,91,00:01:13,00:03:35,00:09:12,29.07%,Rep06
590,444,75.25%,146,00:01:23,00:03:34,00:08:58,19.03%,Rep10
137,120,87.59%,17,00:00:58,00:03:11,00:05:22,33.09%,Rep02
598,476,79.60%,122,00:00:58,00:03:39,00:08:45,32.03%,Rep08
231,180,77.92%,51,00:01:04,00:03:33,00:09:07,33.78%,Rep02
724,362,50.00%,362,00:02:01,00:03:55,00:12:18,11.66%,Rep02
732,367,50.14%,365,00:02:48,00:02:52,00:16:38,8.09%,Rep07
582,301,51.72%,281,00:02:41,00:04:13,00:21:42,12.08%,Rep06
621,344,55.39%,277,00:02:07,00:03:29,00:12:24,14.47%,Rep09
116,106,91.38%,10,00:00:34,00:04:23,00:04:44,62.93%,Rep07
533,300,56.29%,233,00:02:12,00:04:03,00:12:24,12.55%,Rep10
416,322,77.40%,94,00:01:04,00:03:34,00:06:12,38.59%,Rep05
415,259,62.41%,156,00:02:10,00:03:57,00:13:38,17.89%,Rep03
433,289,66.74%,144,00:01:42,00:03:28,00:13:12,22.95%,Rep09
454,284,62.56%,170,00:01:53,00:03:34,00:19:22,24.44%,Rep04
244,195,79.92%,49,00:01:25,00:03:51,00:11:22,36.67%,Rep04
51,48,94.12%,3,00:00:14,00:03:26,00:03:21,84.31%,Rep09
202,176,87.13%,26,00:00:24,00:03:42,00:05:28,67.16%,Rep01
128,118,92.19%,10,00:00:30,00:03:42,00:07:53,74.02%,Rep01
102,100,98.04%,2,00:00:14,00:03:32,00:03:09,85.29%,Rep05
201,169,84.08%,32,00:00:32,00:03:25,00:06:12,58.08%,Rep09
261,195,74.71%,66,00:01:01,00:03:27,00:07:55,37.98%,Rep05
201,173,86.07%,28,00:00:41,00:03:15,00:06:50,59.50%,Rep08
64,61,95.31%,3,00:00:09,00:03:15,00:02:23,92.06%,Rep01
200,168,84.00%,32,00:00:51,00:03:23,00:06:46,48.74%,Rep05
158,148,93.67%,10,00:00:30,00:03:17,00:04:08,56.69%,Rep10
174,155,89.08%,19,00:00:26,00:03:01,00:05:10,62.35%,Rep05
67,64,95.52%,3,00:00:26,00:03:31,00:04:58,71.21%,Rep06
24,23,95.83%,1,00:00:23,00:02:50,00:02:01,75.00%,Rep04
106,92,86.79%,14,00:00:44,00:03:03,00:05:04,45.63%,Rep10
52,50,96.15%,2,00:00:11,00:03:19,00:01:24,88.46%,Rep04
223,203,91.03%,20,00:00:31,00:03:18,00:04:11,62.10%,Rep01
274,233,85.04%,41,00:00:48,00:03:27,00:05:10,36.06%,Rep05
280,263,93.93%,17,00:00:23,00:03:13,00:03:50,67.64%,Rep06
534,468,87.64%,66,00:00:30,00:02:46,00:04:39,57.47%,Rep03
315,300,95.24%,15,00:00:24,00:03:11,00:02:50,70.23%,Rep05
122,113,92.62%,9,00:00:20,00:02:58,00:02:19,76.67%,Rep09
63,60,95.24%,3,00:00:21,00:02:51,00:02:52,74.19%,Rep10
402,368,91.54%,34,00:00:32,00:03:07,00:03:06,54.18%,Rep03
413,370,89.59%,43,00:00:29,00:03:10,00:03:22,58.42%,Rep06
389,346,88.95%,43,00:00:36,00:03:21,00:05:10,49.87%,Rep07
495,308,62.22%,187,00:01:31,00:03:25,00:16:35,18.56%,Rep09
712,340,47.75%,372,00:02:00,00:03:26,00:16:25,12.26%,Rep05
1057,602,56.95%,455,00:01:44,00:02:33,00:12:24,11.49%,Rep03
620,321,51.77%,299,00:02:42,00:03:13,00:16:34,10.87%,Rep05
1575,871,55.30%,704,00:01:32,00:02:33,00:22:45,13.93%,Rep06
1349,775,57.45%,574,00:01:46,00:03:10,00:15:53,12.16%,Rep08
999,454,45.45%,545,00:02:48,00:03:14,00:13:24,4.07%,Rep10
968,547,56.51%,421,00:02:26,00:03:18,00:14:13,11.71%,Rep01
1066,453,42.50%,613,00:05:04,00:03:39,00:22:37,2.24%,Rep03
788,633,80.33%,155,00:01:13,00:03:23,00:12:26,20.88%,Rep02
252,213,84.52%,39,00:00:53,00:03:31,00:08:17,44.08%,Rep03
842,625,74.23%,217,00:01:11,00:03:10,00:14:28,26.93%,Rep01
847,722,85.24%,125,00:00:54,00:03:04,00:08:05,33.49%,Rep02
800,615,76.88%,185,00:01:07,00:03:25,00:07:24,23.98%,Rep04
1100,823,74.82%,277,00:01:08,00:03:18,00:15:31,29.65%,Rep05
1242,909,73.19%,333,00:01:23,00:03:04,00:11:11,19.00%,Rep10
732,460,62.84%,272,00:01:31,00:03:12,00:10:29,17.92%,Rep03
112,104,92.86%,8,00:00:34,00:03:21,00:04:13,56.36%,Rep08
482,434,90.04%,48,00:00:41,00:03:01,00:11:01,47.44%,Rep03
570,484,84.91%,86,00:00:51,00:03:07,00:11:48,36.90%,Rep02
490,398,81.22%,92,00:00:50,00:03:17,00:21:44,36.10%,Rep04
462,311,67.32%,151,00:01:11,00:03:17,00:08:50,26.34%,Rep02
428,373,87.15%,55,00:00:40,00:02:58,00:07:01,50.60%,Rep09
393,312,79.39%,81,00:01:02,00:03:16,00:08:16,31.40%,Rep08
58,50,86.21%,8,00:00:29,00:03:04,00:03:06,67.24%,Rep09
316,279,88.29%,37,00:00:40,00:02:58,00:03:31,44.16%,Rep08
298,274,91.95%,24,00:00:30,00:02:59,00:03:02,55.78%,Rep08
308,275,89.29%,33,00:00:40,00:02:56,00:06:54,51.63%,Rep03
259,242,93.44%,17,00:00:16,00:02:54,00:04:09,78.26%,Rep02
464,391,84.27%,73,00:00:55,00:03:31,00:05:13,35.45%,Rep05
302,275,91.06%,27,00:00:30,00:03:02,00:09:54,56.04%,Rep07
47,45,95.74%,2,00:00:12,00:02:41,00:02:37,85.11%,Rep04
293,279,95.22%,14,00:00:22,00:02:53,00:02:57,67.47%,Rep06
245,225,91.84%,20,00:00:18,00:02:55,00:04:11,73.55%,Rep01
295,227,76.95%,68,00:00:48,00:03:19,00:05:42,44.79%,Rep05
205,196,95.61%,9,00:00:20,00:03:06,00:05:10,73.66%,Rep06
249,215,86.35%,34,00:00:40,00:02:58,00:24:51,46.09%,Rep02
236,213,90.25%,23,00:00:26,00:03:14,00:03:54,63.36%,Rep08
39,39,100.00%,0,00:00:14,00:02:30,00:02:27,87.18%,Rep02
208,194,93.27%,14,00:00:17,00:02:54,00:02:59,76.96%,Rep05
39,38,97.44%,1,00:00:04,00:02:21,00:01:02,94.87%,Rep08
115,110,95.65%,5,00:00:08,00:02:46,00:04:12,90.43%,Rep03
338,308,91.12%,30,00:00:27,00:02:50,00:04:11,63.10%,Rep10
404,320,79.21%,84,00:00:45,00:02:58,00:11:53,51.39%,Rep02
436,393,90.14%,43,00:00:26,00:02:51,00:06:13,65.26%,Rep09
73,72,98.63%,1,00:00:07,00:02:46,00:01:43,93.15%,Rep04
521,492,94.43%,29,00:00:17,00:02:45,00:03:23,78.94%,Rep08
648,564,87.04%,84,00:00:27,00:02:46,00:05:25,61.36%,Rep07
729,592,81.21%,137,00:00:55,00:02:53,00:07:29,35.83%,Rep07
1196,718,60.03%,478,00:01:52,00:03:09,00:11:06,14.62%,Rep05
436,323,74.08%,113,00:00:44,00:03:02,00:06:12,43.75%,Rep03
191,178,93.19%,13,00:00:16,00:02:51,00:04:08,80.53%,Rep02
68,68,100.00%,0,00:00:05,00:02:56,00:01:39,98.53%,Rep10
498,429,86.14%,69,00:00:34,00:03:09,00:04:12,50.71%,Rep02
358,329,91.90%,29,00:00:21,00:03:03,00:02:15,66.95%,Rep10
340,302,88.82%,38,00:00:24,00:02:50,00:05:10,65.67%,Rep05
322,306,95.03%,16,00:00:16,00:02:39,00:06:17,77.74%,Rep09
296,282,95.27%,14,00:00:18,00:02:37,00:02:45,76.53%,Rep07
264,234,88.64%,30,00:00:20,00:02:34,00:04:54,69.88%,Rep01
52,51,98.08%,1,00:00:06,00:02:36,00:01:05,94.12%,Rep06
266,264,99.25%,2,00:00:09,00:02:39,00:02:01,90.98%,Rep02
242,238,98.35%,4,00:00:09,00:02:45,00:02:30,90.46%,Rep01
241,228,94.61%,13,00:00:19,00:02:48,00:06:08,79.58%,Rep08
279,269,96.42%,10,00:00:08,00:02:43,00:03:07,91.30%,Rep08
73,72,98.63%,1,00:00:08,00:03:04,00:02:10,91.78%,Rep03
226,218,96.46%,8,00:00:08,00:02:54,00:02:47,91.86%,Rep03
43,42,97.67%,1,00:00:11,00:02:38,00:01:17,83.72%,Rep06
311,255,81.99%,56,00:00:45,00:02:55,00:04:50,47.18%,Rep09
251,210,83.67%,41,00:00:26,00:02:54,00:09:18,63.52%,Rep05
339,313,92.33%,26,00:00:12,00:02:02,00:06:41,82.09%,Rep02
323,261,80.80%,62,00:00:41,00:02:57,00:09:27,53.99%,Rep07
289,265,91.70%,24,00:00:11,00:03:00,00:05:42,83.27%,Rep04
310,281,90.65%,29,00:00:15,00:02:41,00:02:57,79.12%,Rep10
33,31,93.94%,2,00:00:14,00:02:53,00:02:07,84.85%,Rep09
346,318,91.91%,28,00:00:12,00:02:36,00:03:32,82.49%,Rep03
325,285,87.69%,40,00:00:32,00:02:45,00:09:39,60.82%,Rep04
627,504,80.38%,123,00:00:37,00:03:20,00:19:42,56.93%,Rep06
905,631,69.72%,274,00:01:23,00:03:42,00:12:04,25.68%,Rep09
1141,610,53.46%,531,00:01:46,00:03:12,00:25:51,14.55%,Rep02
863,511,59.21%,352,00:02:07,00:03:03,00:15:43,12.13%,Rep03
63,56,88.89%,7,00:00:16,00:02:31,00:04:08,70.97%,Rep06
573,487,84.99%,86,00:00:56,00:02:45,00:05:43,34.99%,Rep06
391,323,82.61%,68,00:00:46,00:03:08,00:08:16,42.71%,Rep03
526,355,67.49%,171,00:01:29,00:03:50,00:18:47,22.40%,Rep04
343,309,90.09%,34,00:00:39,00:03:24,00:05:10,48.82%,Rep09
401,346,86.28%,55,00:00:41,00:03:13,00:05:10,44.27%,Rep10
281,239,85.05%,42,00:00:41,00:03:07,00:03:20,42.55%,Rep07
46,39,84.78%,7,00:00:11,00:03:09,00:04:09,80.43%,Rep08
357,323,90.48%,34,00:00:32,00:03:08,00:07:14,60.91%,Rep06
280,255,91.07%,25,00:00:34,00:03:02,00:03:31,52.90%,Rep07
258,247,95.74%,11,00:00:25,00:02:57,00:04:12,70.20%,Rep09
282,255,90.43%,27,00:00:18,00:02:47,00:04:09,74.73%,Rep03
253,240,94.86%,13,00:00:18,00:02:41,00:06:11,75.20%,Rep10
266,232,87.22%,34,00:00:37,00:02:49,00:06:11,57.59%,Rep06
30,29,96.67%,1,00:00:10,00:03:21,00:00:49,90.00%,Rep10
258,230,89.15%,28,00:00:33,00:03:01,00:04:14,53.54%,Rep07
293,282,96.25%,11,00:00:23,00:02:39,00:02:38,70.24%,Rep06
377,341,90.45%,36,00:00:20,00:02:21,00:03:09,68.28%,Rep01
196,182,92.86%,14,00:00:28,00:02:37,00:02:54,61.86%,Rep02
192,173,90.10%,19,00:00:33,00:02:44,00:06:39,61.78%,Rep01
185,178,96.22%,7,00:00:17,00:02:46,00:03:09,77.72%,Rep06
27,25,92.59%,2,00:00:18,00:02:09,00:03:07,74.07%,Rep08
222,214,96.40%,8,00:00:18,00:02:57,00:06:12,74.66%,Rep01
217,198,91.24%,19,00:00:09,00:02:43,00:02:57,88.83%,Rep09
204,197,96.57%,7,00:00:17,00:02:40,00:03:50,79.70%,Rep05
191,181,94.76%,10,00:00:12,00:02:46,00:04:44,87.23%,Rep05
176,157,89.20%,19,00:00:17,00:02:51,00:04:08,73.53%,Rep05
176,163,92.61%,13,00:00:24,00:03:11,00:03:07,64.16%,Rep01
26,26,100.00%,0,00:00:24,00:03:03,00:01:57,69.23%,Rep05
170,167,98.24%,3,00:00:16,00:02:47,00:02:08,79.41%,Rep09
154,147,95.45%,7,00:00:21,00:03:02,00:03:47,75.16%,Rep10
165,152,92.12%,13,00:00:17,00:02:58,00:03:40,80.75%,Rep09
153,143,93.46%,10,00:00:19,00:03:05,00:03:15,77.63%,Rep05
175,169,96.57%,6,00:00:11,00:02:17,00:02:12,85.63%,Rep08
241,214,88.80%,27,00:00:29,00:03:00,00:14:33,66.23%,Rep01
14,14,100.00%,0,00:00:16,00:02:46,00:01:27,85.71%,Rep01
57,55,96.49%,2,00:00:12,00:02:35,00:02:07,85.96%,Rep08
954,644,67.51%,310,00:01:14,00:02:05,00:11:12,26.33%,Rep01
374,344,91.98%,30,00:00:28,00:03:03,00:08:52,61.85%,Rep07
265,245,92.45%,20,00:00:31,00:03:05,00:03:21,56.70%,Rep04
222,205,92.34%,17,00:00:20,00:03:12,00:02:10,72.69%,Rep10
203,192,94.58%,11,00:00:27,00:03:04,00:04:07,68.66%,Rep04
33,31,93.94%,2,00:00:29,00:02:15,00:05:43,78.13%,Rep03
220,195,88.64%,25,00:00:28,00:02:45,00:03:06,59.62%,Rep03
185,177,95.68%,8,00:00:16,00:02:33,00:03:08,80.11%,Rep01
203,172,84.73%,31,00:00:34,00:02:53,00:05:06,52.79%,Rep07
218,193,88.53%,25,00:00:34,00:02:58,00:07:34,61.97%,Rep06
204,194,95.10%,10,00:00:16,00:02:52,00:03:06,81.31%,Rep04
242,211,87.19%,31,00:00:44,00:02:57,00:06:08,47.70%,Rep06
29,29,100.00%,0,00:00:08,00:02:40,00:00:44,89.66%,Rep07
171,163,95.32%,8,00:00:24,00:02:58,00:03:19,69.23%,Rep02
190,166,87.37%,24,00:00:46,00:02:59,00:09:20,42.25%,Rep01
221,196,88.69%,25,00:00:33,00:02:57,00:05:25,53.67%,Rep06
297,241,81.14%,56,00:00:49,00:03:11,00:06:52,44.83%,Rep10
233,214,91.85%,19,00:00:26,00:02:49,00:03:53,62.50%,Rep05
198,191,96.46%,7,00:00:14,00:03:01,00:02:09,82.74%,Rep04
15,15,100.00%,0,00:00:04,00:03:19,00:00:14,100.00%,Rep10
27,25,92.59%,2,00:00:08,00:02:34,00:02:04,88.89%,Rep02
7,6,85.71%,1,00:00:03,00:04:48,00:00:31,85.71%,Rep05
169,144,85.21%,25,00:00:33,00:02:36,00:08:31,56.36%,Rep03
224,206,91.96%,18,00:00:20,00:02:35,00:02:26,70.72%,Rep02
170,160,94.12%,10,00:00:28,00:03:01,00:05:10,62.35%,Rep03
161,149,92.55%,12,00:00:24,00:03:08,00:02:34,68.13%,Rep02
37,35,94.59%,2,00:00:12,00:02:48,00:01:03,80.56%,Rep02
183,169,92.35%,14,00:00:32,00:02:58,00:04:28,59.89%,Rep04
221,206,93.21%,15,00:00:30,00:02:54,00:04:23,58.18%,Rep02
202,193,95.54%,9,00:00:18,00:02:53,00:02:48,75.38%,Rep03
193,163,84.46%,30,00:00:36,00:03:12,00:05:12,53.40%,Rep01
201,196,97.51%,5,00:00:10,00:02:43,00:02:32,89.00%,Rep03
193,180,93.26%,13,00:00:21,00:02:42,00:03:17,73.16%,Rep08
27,25,92.59%,2,00:00:25,00:02:03,00:02:07,66.67%,Rep04
227,206,90.75%,21,00:00:29,00:03:01,00:04:26,66.67%,Rep03
225,199,88.44%,26,00:00:35,00:02:58,00:05:19,52.68%,Rep04
204,193,94.61%,11,00:00:33,00:02:39,00:05:21,58.82%,Rep10
221,194,87.78%,27,00:00:29,00:02:48,00:05:05,60.73%,Rep10
172,154,89.53%,18,00:00:34,00:03:09,00:03:06,54.17%,Rep07
161,150,93.17%,11,00:00:36,00:02:51,00:05:53,52.80%,Rep10
17,14,82.35%,3,00:00:47,00:03:08,00:02:52,41.18%,Rep06
168,145,86.31%,23,00:00:38,00:02:57,00:04:08,50.61%,Rep09
160,142,88.75%,18,00:00:33,00:02:44,00:09:18,54.14%,Rep10
185,159,85.95%,26,00:00:41,00:02:56,00:05:43,42.70%,Rep01
155,146,94.19%,9,00:00:28,00:02:49,00:03:27,65.16%,Rep10
188,172,91.49%,16,00:00:28,00:02:39,00:03:04,59.78%,Rep10
152,120,78.95%,32,00:00:29,00:02:54,00:06:35,53.06%,Rep05
26,26,100.00%,0,00:00:17,00:03:01,00:01:18,80.77%,Rep04
152,140,92.11%,12,00:00:21,00:02:58,00:06:40,70.67%,Rep09
130,125,96.15%,5,00:00:08,00:02:39,00:01:02,92.00%,Rep02
191,187,97.91%,4,00:00:18,00:02:33,00:02:53,83.07%,Rep06
254,227,89.37%,27,00:00:33,00:02:57,00:04:35,56.57%,Rep08
213,188,88.26%,25,00:00:30,00:02:52,00:05:10,54.81%,Rep07
176,151,85.80%,25,00:00:32,00:02:45,00:06:12,55.75%,Rep01
61,59,96.72%,2,00:00:16,00:01:31,00:03:06,80.33%,Rep03
166,154,92.77%,12,00:00:28,00:02:56,00:03:16,61.82%,Rep01
191,172,90.05%,19,00:00:21,00:02:40,00:03:23,73.77%,Rep05
171,157,91.81%,14,00:00:19,00:02:34,00:02:07,72.62%,Rep07
153,124,81.05%,29,00:00:50,00:03:04,00:06:01,45.33%,Rep03
183,158,86.34%,25,00:00:33,00:02:52,00:05:10,51.91%,Rep09
14,14,100.00%,0,00:00:15,00:03:43,00:01:32,85.71%,Rep02
18,18,100.00%,0,00:00:03,00:02:56,00:00:06,100.00%,Rep03
159,148,93.08%,11,00:00:22,00:02:36,00:03:15,69.43%,Rep04
143,134,93.71%,9,00:00:22,00:02:51,00:05:10,74.10%,Rep04
195,175,89.74%,20,00:00:29,00:02:47,00:04:11,61.58%,Rep10
194,150,77.32%,44,00:00:37,00:02:47,00:04:17,47.34%,Rep03
390,362,92.82%,28,00:00:31,00:02:50,00:05:46,59.48%,Rep04
238,205,86.13%,33,00:00:29,00:02:18,00:05:10,60.87%,Rep01
29,28,96.55%,1,00:00:09,00:02:28,00:01:05,89.29%,Rep04
30,29,96.67%,1,00:00:19,00:02:30,00:02:31,83.33%,Rep10
287,273,95.12%,14,00:00:16,00:02:20,00:03:06,79.00%,Rep08
474,380,80.17%,94,00:00:39,00:02:08,00:07:58,47.42%,Rep03
277,230,83.03%,47,00:00:40,00:02:52,00:06:13,46.18%,Rep07
173,163,94.22%,10,00:00:17,00:02:46,00:02:44,77.19%,Rep10
167,152,91.02%,15,00:00:13,00:02:37,00:05:10,84.15%,Rep05
27,24,88.89%,3,00:00:20,00:02:05,00:03:43,76.92%,Rep03
173,153,88.44%,20,00:00:29,00:02:46,00:03:06,57.99%,Rep10
36,27,75.00%,9,00:00:36,00:02:55,00:03:57,41.67%,Rep07
186,171,91.94%,15,00:00:27,00:02:49,00:03:28,64.48%,Rep08
160,149,93.13%,11,00:00:23,00:02:47,00:04:52,74.05%,Rep03
233,215,92.27%,18,00:00:22,00:02:34,00:08:08,74.12%,Rep07
162,157,96.91%,5,00:00:13,00:02:32,00:05:10,82.72%,Rep10
27,24,88.89%,3,00:00:18,00:02:10,00:03:51,70.37%,Rep09
168,155,92.26%,13,00:00:26,00:03:18,00:03:08,64.88%,Rep10
328,301,91.77%,27,00:00:23,00:02:29,00:06:59,67.91%,Rep03
234,208,88.89%,26,00:00:20,00:02:44,00:05:18,72.25%,Rep05
37,34,91.89%,3,00:00:14,00:02:16,00:03:44,83.78%,Rep10
185,167,90.27%,18,00:00:18,00:02:43,00:06:12,73.51%,Rep01
139,132,94.96%,7,00:00:10,00:02:57,00:03:28,88.32%,Rep01
13,11,84.62%,2,00:00:46,00:02:07,00:02:35,41.67%,Rep06
161,152,94.41%,9,00:00:23,00:02:28,00:02:52,69.62%,Rep06
149,144,96.64%,5,00:00:15,00:02:46,00:03:01,83.11%,Rep09
178,167,93.82%,11,00:00:22,00:02:42,00:05:24,74.86%,Rep02
224,210,93.75%,14,00:00:21,00:03:00,00:04:47,72.52%,Rep10
277,273,98.56%,4,00:00:10,00:02:00,00:02:03,89.74%,Rep04
188,172,91.49%,16,00:00:20,00:02:41,00:03:36,72.19%,Rep05
26,22,84.62%,4,00:00:34,00:02:23,00:06:18,68.00%,Rep08
177,167,94.35%,10,00:00:35,00:02:56,00:03:15,56.25%,Rep05
149,144,96.64%,5,00:00:28,00:02:47,00:03:48,66.22%,Rep03
147,147,100.00%,0,00:00:11,00:02:51,00:02:03,85.71%,Rep05
140,134,95.71%,6,00:00:19,00:02:44,00:08:19,78.57%,Rep01
177,163,92.09%,14,00:00:19,00:02:35,00:07:16,75.71%,Rep03
169,169,100.00%,0,00:00:09,00:02:45,00:01:05,89.94%,Rep10
26,21,80.77%,5,00:00:27,00:02:28,00:02:04,48.00%,Rep01
147,140,95.24%,7,00:00:12,00:02:48,00:02:11,85.52%,Rep08
127,122,96.06%,5,00:00:21,00:02:48,00:02:07,70.87%,Rep06
141,135,95.74%,6,00:00:17,00:02:27,00:04:08,78.01%,Rep07
208,181,87.02%,27,00:00:38,00:02:39,00:04:08,49.02%,Rep04
178,163,91.57%,15,00:00:33,00:02:54,00:04:58,54.80%,Rep06
198,190,95.96%,8,00:00:25,00:02:32,00:02:22,67.01%,Rep05
21,17,80.95%,4,00:00:44,00:03:31,00:04:37,47.62%,Rep07
171,161,94.15%,10,00:00:16,00:02:35,00:06:14,81.44%,Rep08
200,196,98.00%,4,00:00:09,00:02:51,00:02:01,91.92%,Rep08
166,157,94.58%,9,00:00:24,00:02:40,00:01:54,64.63%,Rep02
230,217,94.35%,13,00:00:27,00:02:39,00:02:03,57.21%,Rep03
174,168,96.55%,6,00:00:24,00:02:57,00:02:54,69.59%,Rep06
240,185,77.08%,55,00:01:00,00:03:02,00:05:00,29.79%,Rep03
35,27,77.14%,8,00:00:48,00:02:56,00:03:53,43.33%,Rep01
198,179,90.40%,19,00:00:27,00:02:41,00:09:40,60.10%,Rep07
189,181,95.77%,8,00:00:19,00:02:59,00:02:44,71.43%,Rep09
229,219,95.63%,10,00:00:30,00:03:15,00:06:25,59.21%,Rep07
254,235,92.52%,19,00:00:27,00:02:56,00:03:52,59.68%,Rep02
584,521,89.21%,63,00:00:29,00:02:16,00:04:21,58.30%,Rep08
564,551,97.70%,13,00:00:12,00:01:40,00:01:46,83.96%,Rep01
150,149,99.33%,1,00:00:10,00:01:40,00:02:11,89.33%,Rep07
521,499,95.78%,22,00:00:23,00:01:36,00:03:04,70.93%,Rep08
330,309,93.64%,21,00:00:21,00:03:19,00:06:32,69.54%,Rep10
298,288,96.64%,10,00:00:13,00:03:20,00:04:03,84.75%,Rep05
294,287,97.62%,7,00:00:14,00:03:28,00:03:19,82.25%,Rep09
261,253,96.93%,8,00:00:10,00:03:03,00:05:48,89.96%,Rep06
223,210,94.17%,13,00:00:16,00:03:07,00:05:23,80.09%,Rep09
59,58,98.31%,1,00:00:21,00:03:41,00:03:12,74.58%,Rep06
340,327,96.18%,13,00:00:21,00:01:55,00:03:46,77.61%,Rep10
287,280,97.56%,7,00:00:13,00:03:05,00:01:56,84.32%,Rep09
269,257,95.54%,12,00:00:16,00:03:04,00:03:49,82.02%,Rep04
270,261,96.67%,9,00:00:12,00:03:06,00:04:29,85.87%,Rep08
285,273,95.79%,12,00:00:12,00:03:14,00:02:53,85.36%,Rep09
251,229,91.24%,22,00:00:22,00:02:59,00:03:06,73.06%,Rep08
47,47,100.00%,0,00:00:13,00:03:03,00:01:29,87.23%,Rep09
233,225,96.57%,8,00:00:13,00:03:02,00:01:57,84.72%,Rep06
257,248,96.50%,9,00:00:14,00:03:14,00:03:42,83.40%,Rep04
245,234,95.51%,11,00:00:11,00:03:01,00:01:56,85.95%,Rep07
267,265,99.25%,2,00:00:05,00:02:59,00:01:13,97.36%,Rep08
231,224,96.97%,7,00:00:11,00:02:56,00:02:54,86.58%,Rep05
236,226,95.76%,10,00:00:19,00:03:04,00:03:06,75.00%,Rep04
81,78,96.30%,3,00:00:11,00:02:57,00:00:58,81.25%,Rep06
281,273,97.15%,8,00:00:11,00:03:02,00:03:21,88.49%,Rep04
399,387,96.99%,12,00:00:11,00:02:51,00:02:25,86.36%,Rep06
291,287,98.63%,4,00:00:11,00:02:36,00:03:38,87.97%,Rep01
290,281,96.90%,9,00:00:07,00:03:03,00:01:00,91.64%,Rep10
230,227,98.70%,3,00:00:08,00:03:06,00:01:12,91.67%,Rep10
236,216,91.53%,20,00:00:17,00:03:09,00:02:54,70.69%,Rep03
45,44,97.78%,1,00:00:05,00:02:45,00:01:56,93.33%,Rep06
249,238,95.58%,11,00:00:11,00:02:42,00:01:58,86.53%,Rep08
350,328,93.71%,22,00:00:28,00:02:31,00:02:28,58.26%,Rep09
361,306,84.76%,55,00:00:27,00:02:26,00:06:41,60.17%,Rep10
262,256,97.71%,6,00:00:13,00:02:50,00:02:54,86.15%,Rep09
302,288,95.36%,14,00:00:21,00:02:56,00:02:59,71.10%,Rep07
299,268,89.63%,31,00:00:28,00:02:49,00:02:58,55.41%,Rep04
50,49,98.00%,1,00:00:24,00:02:55,00:02:08,76.00%,Rep09
285,273,95.79%,12,00:00:21,00:02:49,00:03:30,76.16%,Rep04
77,75,97.40%,2,00:00:09,00:02:43,00:02:10,92.11%,Rep02
332,321,96.69%,11,00:00:17,00:02:58,00:03:34,80.66%,Rep01
282,266,94.33%,16,00:00:22,00:03:10,00:08:12,74.29%,Rep10
256,248,96.88%,8,00:00:14,00:03:00,00:03:52,82.35%,Rep10
177,176,99.44%,1,00:00:12,00:02:37,00:01:45,83.52%,Rep03
27,24,88.89%,3,00:00:13,00:02:15,00:01:08,74.07%,Rep02
307,305,99.35%,2,00:00:09,00:03:01,00:01:42,91.80%,Rep01
587,577,98.30%,10,00:00:10,00:02:08,00:01:56,91.94%,Rep03
270,265,98.15%,5,00:00:07,00:02:44,00:01:56,91.79%,Rep01
307,297,96.74%,10,00:00:14,00:02:59,00:02:55,82.24%,Rep03
242,238,98.35%,4,00:00:06,00:02:42,00:01:55,94.63%,Rep01
194,182,93.81%,12,00:00:12,00:02:57,00:01:36,81.15%,Rep08
21,21,100.00%,0,00:00:12,00:03:07,00:01:34,90.48%,Rep04
291,288,98.97%,3,00:00:07,00:02:46,00:01:24,93.79%,Rep05
516,479,92.83%,37,00:00:26,00:02:40,00:03:31,63.80%,Rep02
452,447,98.89%,5,00:00:06,00:02:04,00:03:52,94.44%,Rep01
375,375,100.00%,0,00:00:05,00:02:13,00:01:05,96.53%,Rep07
306,287,93.79%,19,00:00:19,00:02:15,00:04:50,76.32%,Rep09
241,235,97.51%,6,00:00:15,00:02:40,00:01:57,80.33%,Rep02
34,34,100.00%,0,00:00:18,00:03:01,00:02:08,85.29%,Rep07
248,238,95.97%,10,00:00:19,00:02:43,00:04:33,74.09%,Rep02
323,307,95.05%,16,00:00:13,00:02:42,00:03:28,82.70%,Rep02
260,257,98.85%,3,00:00:10,00:02:29,00:01:42,91.12%,Rep08
316,311,98.42%,5,00:00:10,00:02:41,00:02:54,87.54%,Rep08
60,59,98.33%,1,00:00:03,00:02:41,00:01:55,98.33%,Rep10
267,251,94.01%,16,00:00:19,00:02:27,00:07:44,75.56%,Rep01
30,29,96.67%,1,00:00:08,00:02:00,00:00:46,93.10%,Rep04
247,238,96.36%,9,00:00:13,00:02:35,00:02:54,83.33%,Rep08
376,365,97.07%,11,00:00:15,00:03:00,00:03:30,81.77%,Rep09
316,306,96.84%,10,00:00:13,00:02:55,00:01:58,82.80%,Rep06
310,304,98.06%,6,00:00:07,00:02:51,00:01:40,92.16%,Rep08
340,327,96.18%,13,00:00:23,00:02:55,00:02:34,71.34%,Rep01
306,289,94.44%,17,00:00:24,00:02:43,00:05:04,69.74%,Rep09
40,40,100.00%,0,00:00:05,00:02:46,00:00:51,97.50%,Rep07
378,370,97.88%,8,00:00:11,00:02:52,00:02:36,86.70%,Rep06
424,416,98.11%,8,00:00:14,00:02:54,00:03:41,83.89%,Rep10
356,353,99.16%,3,00:00:05,00:02:48,00:01:04,97.17%,Rep04
320,308,96.25%,12,00:00:10,00:02:33,00:03:24,88.99%,Rep10
351,341,97.15%,10,00:00:11,00:02:50,00:01:49,86.25%,Rep09
85,83,97.65%,2,00:00:13,00:02:47,00:03:44,85.88%,Rep07
44,43,97.73%,1,00:00:09,00:02:33,00:03:52,84.09%,Rep06
388,363,93.56%,25,00:00:19,00:03:06,00:02:54,75.20%,Rep09
283,280,98.94%,3,00:00:06,00:03:05,00:01:49,95.73%,Rep09
241,238,98.76%,3,00:00:05,00:02:55,00:03:16,96.67%,Rep04
280,273,97.50%,7,00:00:09,00:02:46,00:03:38,88.21%,Rep01
294,273,92.86%,21,00:00:26,00:03:16,00:02:44,61.77%,Rep08
290,246,84.83%,44,00:00:27,00:03:04,00:04:44,63.86%,Rep08
32,32,100.00%,0,00:00:06,00:02:43,00:01:10,96.88%,Rep02
270,263,97.41%,7,00:00:12,00:02:52,00:02:00,85.45%,Rep04
212,208,98.11%,4,00:00:08,00:02:43,00:02:34,91.00%,Rep02
246,238,96.75%,8,00:00:07,00:02:53,00:03:48,91.84%,Rep04
194,190,97.94%,4,00:00:08,00:02:43,00:03:34,92.78%,Rep01
179,176,98.32%,3,00:00:06,00:02:44,00:01:43,96.05%,Rep10
67,65,97.01%,2,00:00:09,00:02:36,00:01:59,89.55%,Rep05
27,27,100.00%,0,00:00:09,00:02:27,00:01:33,88.89%,Rep07
190,183,96.32%,7,00:00:09,00:02:38,00:02:54,87.83%,Rep10
213,205,96.24%,8,00:00:10,00:02:38,00:05:02,88.15%,Rep06
208,205,98.56%,3,00:00:04,00:02:36,00:02:53,97.09%,Rep10
166,165,99.40%,1,00:00:08,00:02:41,00:03:31,92.77%,Rep05
169,161,95.27%,8,00:00:18,00:02:52,00:03:37,73.96%,Rep05
175,167,95.43%,8,00:00:10,00:02:29,00:03:52,86.29%,Rep09
43,43,100.00%,0,00:00:04,00:02:42,00:00:29,100.00%,Rep02
24,24,100.00%,0,00:00:03,00:02:46,00:00:03,100.00%,Rep03
26,26,100.00%,0,00:00:05,00:02:52,00:00:58,92.31%,Rep06
42,41,97.62%,1,00:00:03,00:02:41,00:00:03,100.00%,Rep06
37,36,97.30%,1,00:00:05,00:02:24,00:04:50,94.59%,Rep10
60,60,100.00%,0,00:00:05,00:03:07,00:01:01,96.67%,Rep04
82,81,98.78%,1,00:00:03,00:02:24,00:00:58,97.56%,Rep06
31,31,100.00%,0,00:00:06,00:02:20,00:01:01,93.55%,Rep10
178,171,96.07%,7,00:00:16,00:02:43,00:02:06,76.14%,Rep02
183,175,95.63%,8,00:00:13,00:02:27,00:04:38,85.56%,Rep05
39,37,94.87%,2,00:00:03,00:02:53,00:00:58,97.37%,Rep09
170,167,98.24%,3,00:00:12,00:02:24,00:02:50,85.29%,Rep08
180,168,93.33%,12,00:00:12,00:02:46,00:04:29,83.15%,Rep06
24,24,100.00%,0,00:00:04,00:02:36,00:00:21,100.00%,Rep10
7,7,100.00%,0,00:00:33,00:02:39,00:01:33,42.86%,Rep05
181,181,100.00%,0,00:00:12,00:02:47,00:01:29,87.85%,Rep03
209,206,98.56%,3,00:00:05,00:02:42,00:00:58,95.17%,Rep07
180,179,99.44%,1,00:00:04,00:02:28,00:01:02,97.21%,Rep06
221,203,91.86%,18,00:00:12,00:02:43,00:02:55,87.32%,Rep07
254,248,97.64%,6,00:00:10,00:02:48,00:03:07,90.87%,Rep05
627,577,92.03%,50,00:00:41,00:02:39,00:05:20,47.81%,Rep09
167,159,95.21%,8,00:00:18,00:03:10,00:03:55,76.05%,Rep02
599,554,92.49%,45,00:00:25,00:02:35,00:04:50,63.56%,Rep06
304,300,98.68%,4,00:00:07,00:02:35,00:02:55,92.41%,Rep08
267,260,97.38%,7,00:00:08,00:02:56,00:01:54,90.91%,Rep03
286,281,98.25%,5,00:00:11,00:02:40,00:02:54,86.97%,Rep10
196,192,97.96%,4,00:00:13,00:02:43,00:02:06,85.64%,Rep08
191,189,98.95%,2,00:00:11,00:03:00,00:02:34,88.42%,Rep01
60,60,100.00%,0,00:00:06,00:01:58,00:00:59,96.67%,Rep01
215,207,96.28%,8,00:00:10,00:02:40,00:01:44,90.43%,Rep01
221,213,96.38%,8,00:00:08,00:02:35,00:01:47,90.45%,Rep07
201,193,96.02%,8,00:00:03,00:02:46,00:00:58,98.45%,Rep04
205,202,98.54%,3,00:00:05,00:02:48,00:01:09,96.06%,Rep09
201,194,96.52%,7,00:00:14,00:02:44,00:02:29,84.26%,Rep07
140,132,94.29%,8,00:00:07,00:01:51,00:01:56,92.48%,Rep05
29,28,96.55%,1,00:00:13,00:03:09,00:01:47,82.76%,Rep06
398,372,93.47%,26,00:00:21,00:02:51,00:04:13,72.52%,Rep10
255,249,97.65%,6,00:00:15,00:03:01,00:02:09,83.33%,Rep01
283,278,98.23%,5,00:00:17,00:02:38,00:01:59,79.57%,Rep07
230,222,96.52%,8,00:00:21,00:02:46,00:02:45,72.25%,Rep07
185,183,98.92%,2,00:00:10,00:03:15,00:01:20,89.73%,Rep09
197,194,98.48%,3,00:00:13,00:02:49,00:02:01,82.65%,Rep08
15,14,93.33%,1,00:00:12,00:03:14,00:01:48,86.67%,Rep08
230,228,99.13%,2,00:00:07,00:02:47,00:01:01,93.89%,Rep01
232,224,96.55%,8,00:00:12,00:02:51,00:01:34,86.46%,Rep06
237,231,97.47%,6,00:00:11,00:03:01,00:01:59,87.71%,Rep01
42,39,92.86%,3,00:00:17,00:02:51,00:01:40,78.57%,Rep07
215,211,98.14%,4,00:00:06,00:03:06,00:02:54,94.81%,Rep10
153,152,99.35%,1,00:00:04,00:02:35,00:00:55,98.69%,Rep10
39,39,100.00%,0,00:00:14,00:03:42,00:01:37,84.62%,Rep02
334,322,96.41%,12,00:00:17,00:02:56,00:02:18,77.13%,Rep09
236,225,95.34%,11,00:00:13,00:02:53,00:01:56,85.09%,Rep06
186,182,97.85%,4,00:00:08,00:02:38,00:02:10,95.11%,Rep03
202,197,97.52%,5,00:00:13,00:02:33,00:01:56,87.00%,Rep08
185,182,98.38%,3,00:00:08,00:02:49,00:02:33,90.27%,Rep05
38,38,100.00%,0,00:00:04,00:03:26,00:00:57,97.37%,Rep01
25,24,96.00%,1,00:00:03,00:02:44,00:00:46,96.00%,Rep04
203,195,96.06%,8,00:00:08,00:02:38,00:08:34,88.56%,Rep02
296,292,98.65%,4,00:00:04,00:02:40,00:00:58,98.63%,Rep06
233,223,95.71%,10,00:00:09,00:02:47,00:01:46,87.83%,Rep08
198,194,97.98%,4,00:00:08,00:02:42,00:01:43,91.79%,Rep07
181,179,98.90%,2,00:00:04,00:02:39,00:00:48,99.44%,Rep06
166,162,97.59%,4,00:00:06,00:02:39,00:01:01,93.87%,Rep07
19,19,100.00%,0,00:00:03,00:02:27,00:00:03,100.00%,Rep09
196,181,92.35%,15,00:00:14,00:02:37,00:02:36,78.13%,Rep01
176,172,97.73%,4,00:00:16,00:02:30,00:02:56,79.43%,Rep03
221,209,94.57%,12,00:00:12,00:02:42,00:02:50,83.87%,Rep02
196,191,97.45%,5,00:00:14,00:02:51,00:05:54,86.01%,Rep09
211,202,95.73%,9,00:00:15,00:02:46,00:02:54,79.33%,Rep05
201,194,96.52%,7,00:00:16,00:02:49,00:03:28,81.41%,Rep10
23,22,95.65%,1,00:00:10,00:03:02,00:01:02,82.61%,Rep02
225,210,93.33%,15,00:00:10,00:02:37,00:03:37,85.91%,Rep02
202,195,96.53%,7,00:00:11,00:02:47,00:01:52,86.80%,Rep07
191,184,96.34%,7,00:00:07,00:02:50,00:01:56,92.55%,Rep06
212,209,98.58%,3,00:00:10,00:02:51,00:01:45,89.10%,Rep09
210,203,96.67%,7,00:00:12,00:03:22,00:03:52,85.24%,Rep07
167,159,95.21%,8,00:00:16,00:03:16,00:02:42,83.03%,Rep05
12,11,91.67%,1,00:00:03,00:02:12,00:00:58,91.67%,Rep06
